Workbook

Sheet README
A1: EV-ICIO parameter workbook | Adata_v6
A3: Release | B3: v6.0 | 2022 ICIO 50-sector baseline and country-specific 15-item BOM profiles
A4: Only editable BOM input | B4: BOM_raw.bom_share. EVmodel_v5 and MC_v3 read BOM_raw directly; they do not depend on cached Excel formula results.
A5: Example profiles | B5: CHN, DEU, JPN, KOR, MEX, USA and mandatory OTHERS. All seven initially copy the same supplied figure.
A6: Matching rule | B6: For EV producer c, use the exact uppercase country_code profile when present; otherwise use OTHERS.
A7: Per-profile validity | B7: Each profile must contain exactly 15 unique item_id values, the required seven groups, non-negative shares, and bom_share summing to 1.
A8: beta rule | B8: For economy c and group g: beta_g,c = u_C29,c * b_g,c, where b_g,c is summed from the matched BOM_raw profile.
A9: E-sector split | B9: Within E, C26 uses item_id BMS + VCU; C27 uses MCU + OBC + DCDC + PDU. Weights are recalculated from the matched profile.
A10: Audit sheets | B10: BOM_scenarios, Sector_mapping and Beta_derived are formula-driven displays/QA. They are not R model inputs in v5/MC_v3.
A11: Editing procedure | B11: Change only bom_share in BOM_raw, keep identifiers/groups unchanged, ensure each profile total is 100%, save, then run EVmodel_v5 or MC_v3.
A13: Sheet | B13: Purpose | C13: Status | D13: Primary source | E13: Year | F13: Unit | G13: Used by R v5/MC_v3 | H13: Key caution
A14: BOM_raw | B14: Country x 15-item long-format BOM inputs | C14: Rebuilt | D14: User-supplied BOM figure (15 labelled items; bibliographic metadata pending) | E14: n/a | F14: share | G14: Yes; sole BOM input | H14: Edit bom_share only; OTHERS is mandatory.
A15: BOM_scenarios | B15: Seven-profile formula audit and group totals | C15: Rebuilt | D15: BOM_raw | E15: n/a | F15: share | G15: No; audit only | H15: Values update from BOM_raw formulas.
A16: Sector_mapping | B16: Country-specific E split plus other allocation rules | C16: Rebuilt | D16: BOM_raw + modelling rules | E16: n/a | F16: weight/rule | G16: No; audit only | H16: E weights are item-derived, never hardcoded.
A17: Beta_derived | B17: Country match/fallback and beta audit | C17: Formula-driven | D17: BOM_raw + ICIO_intensity | E17: 2022 | F17: coefficient | G17: No; audit only | H17: Shows exact versus OTHERS fallback.
A18: BOM_figure | B18: Source figure and OTHERS/default summary | C18: Updated | D18: User-supplied BOM figure (15 labelled items; bibliographic metadata pending) | E18: n/a | F18: BOM share | G18: Documentation | H18: Full bibliographic metadata remain to be supplied.
A19: ICIO_intensity | B19: C29 intermediate and value-added/TLS shares | C19: Updated | D19: 2022_SML.csv | E19: 2022 | F19: share | G19: Yes | H19: u is the 2022 country-specific intermediate-input budget; VA applies the 1.17 calibration factor.
A20: IMshareM/IMshareC | B20: Legacy imported-origin matrices | C20: Pending user update | D20: Legacy Adata source | E20: 2020 pending replacement | F20: share | G20: Yes | H20: Replace IMshareM/IMshareC with 2022 matrices before the final model run.
A21: Alpha_2020 | B21: Country/system domestic sourcing parameters | C21: Updated | D21: 2022_SML.csv | E21: 2022 | F21: share | G21: Yes | H21: Legacy sheet name retained for compatibility; values are calculated from 2022 ICIO.
A22: Countries/Sectors | B22: ICIO labels and producer flags | C22: Countries preserved; Sectors updated | D22: OECD ICIO 2025 edition metadata | E22: 2022/2025 | F22: code | G22: Yes | H22: Country order is unchanged; the sector list contains 50 activities.
A23: QA | B23: Formula-driven workbook integrity checks | C23: Rebuilt | D23: All v4 parameter sheets | E23: n/a | F23: PASS/FAIL | G23: Audit | H23: Any FAIL must be resolved before modelling.
A25: BOM_raw is deliberately a flat, machine-readable table. Formula caches elsewhere in this workbook are never required by the R programs. | B25: BOM_raw is deliberately a flat, machine-readable table. Formula caches elsewhere in this workbook are never required by the R programs. | C25: BOM_raw is deliberately a flat, machine-readable table. Formula caches elsewhere in this workbook are never required by the R programs. | D25: BOM_raw is deliberately a flat, machine-readable table. Formula caches elsewhere in this workbook are never required by the R programs. | E25: BOM_raw is deliberately a flat, machine-readable table. Formula caches elsewhere in this workbook are never required by the R programs. | F25: BOM_raw is deliberately a flat, machine-readable table. Formula caches elsewhere in this workbook are never required by the R programs. | G25: BOM_raw is deliberately a flat, machine-readable table. Formula caches elsewhere in this workbook are never required by the R programs. | H25: BOM_raw is deliberately a flat, machine-readable table. Formula caches elsewhere in this workbook are never required by the R programs.
... A27: Yellow cells are user inputs; green cells are formulas/derived audit values. | B27: Yellow cells are user inputs; green cells are formulas/derived audit values. | C27: Yellow cells are user inputs; green cells are formulas/derived audit values. | D27: Yellow cells are user inputs; green cells are formulas/derived audit values. | E27: Yellow cells are user inputs; green cells are formulas/derived audit values. | F27: Yellow cells are user inputs; green cells are formulas/derived audit values. | G27: Yellow cells are user inputs; green cells are formulas/derived audit values. | H27: Yellow cells are user inputs; green cells are formulas/derived audit values.

Sheet Countries
A1: Index | B1: ISO3 | C1: Economy | D1: Include_base | E1: EV production 2023 (thousand vehicles) | F1: Criterion | G1: Source
A2: 1 | B2: ARG | C2: Argentina | D2: FALSE | E2: 0 | F2: not positive/not reported | G2: 20250205_car production data.xlsx, Passenger car production
A3: 2 | B3: AUS | C3: Australia | D3: FALSE | F3: not positive/not reported | G3: 20250205_car production data.xlsx, Passenger car production
A4: 3 | B4: AUT | C4: Austria | D4: TRUE | E4: 5.675 | F4: positive 2023 EV passenger-car production | G4: 20250205_car production data.xlsx, Passenger car production
A5: 4 | B5: BEL | C5: Belgium | D5: TRUE | E5: 66.781 | F5: positive 2023 EV passenger-car production | G5: 20250205_car production data.xlsx, Passenger car production
A6: 5 | B6: BGD | C6: Bangladesh | D6: FALSE | F6: not positive/not reported | G6: 20250205_car production data.xlsx, Passenger car production
A7: 6 | B7: BGR | C7: Bulgaria | D7: FALSE | F7: not positive/not reported | G7: 20250205_car production data.xlsx, Passenger car production
A8: 7 | B8: BLR | C8: Belarus | D8: FALSE | F8: not positive/not reported | G8: 20250205_car production data.xlsx, Passenger car production
A9: 8 | B9: BRA | C9: Brazil | D9: FALSE | E9: 0 | F9: not positive/not reported | G9: 20250205_car production data.xlsx, Passenger car production
A10: 9 | B10: BRN | C10: Brunei Darussalam | D10: FALSE | F10: not positive/not reported | G10: 20250205_car production data.xlsx, Passenger car production
A11: 10 | B11: CAN | C11: Canada | D11: FALSE | E11: 0 | F11: not positive/not reported | G11: 20250205_car production data.xlsx, Passenger car production
A12: 11 | B12: CHE | C12: Switzerland | D12: FALSE | F12: not positive/not reported | G12: 20250205_car production data.xlsx, Passenger car production
A13: 12 | B13: CHL | C13: Chile | D13: FALSE | F13: not positive/not reported | G13: 20250205_car production data.xlsx, Passenger car production
A14: 13 | B14: CHN | C14: China (People's Republic of) | D14: TRUE | E14: 8963.171 | F14: positive 2023 EV passenger-car production | G14: 20250205_car production data.xlsx, Passenger car production
A15: 14 | B15: CIV | C15: Côte d'Ivoire | D15: FALSE | F15: not positive/not reported | G15: 20250205_car production data.xlsx, Passenger car production
A16: 15 | B16: CMR | C16: Cameroon | D16: FALSE | F16: not positive/not reported | G16: 20250205_car production data.xlsx, Passenger car production
A17: 16 | B17: COL | C17: Colombia | D17: FALSE | F17: not positive/not reported | G17: 20250205_car production data.xlsx, Passenger car production
A18: 17 | B18: CRI | C18: Costa Rica | D18: FALSE | F18: not positive/not reported | G18: 20250205_car production data.xlsx, Passenger car production
A19: 18 | B19: CYP | C19: Cyprus (1) | D19: FALSE | F19: not positive/not reported | G19: 20250205_car production data.xlsx, Passenger car production
A20: 19 | B20: CZE | C20: Czechia | D20: TRUE | E20: 81.78 | F20: positive 2023 EV passenger-car production | G20: 20250205_car production data.xlsx, Passenger car production
A21: 20 | B21: DEU | C21: Germany | D21: TRUE | E21: 862.436 | F21: positive 2023 EV passenger-car production | G21: 20250205_car production data.xlsx, Passenger car production
A22: 21 | B22: DNK | C22: Denmark | D22: FALSE | F22: not positive/not reported | G22: 20250205_car production data.xlsx, Passenger car production
A23: 22 | B23: EGY | C23: Egypt | D23: FALSE | F23: not positive/not reported | G23: 20250205_car production data.xlsx, Passenger car production
A24: 23 | B24: ESP | C24: Spain | D24: TRUE | E24: 2.985 | F24: positive 2023 EV passenger-car production | G24: 20250205_car production data.xlsx, Passenger car production
A25: 24 | B25: EST | C25: Estonia | D25: FALSE | F25: not positive/not reported | G25: 20250205_car production data.xlsx, Passenger car production
A26: 25 | B26: FIN | C26: Finland | D26: FALSE | E26: 0 | F26: not positive/not reported | G26: 20250205_car production data.xlsx, Passenger car production
A27: 26 | B27: FRA | C27: France | D27: TRUE | E27: 15.736 | F27: positive 2023 EV passenger-car production | G27: 20250205_car production data.xlsx, Passenger car production
A28: 27 | B28: GBR | C28: United Kingdom | D28: TRUE | E28: 24.633 | F28: positive 2023 EV passenger-car production | G28: 20250205_car production data.xlsx, Passenger car production
A29: 28 | B29: GRC | C29: Greece | D29: FALSE | F29: not positive/not reported | G29: 20250205_car production data.xlsx, Passenger car production
A30: 29 | B30: HKG | C30: Hong Kong, China | D30: FALSE | F30: not positive/not reported | G30: 20250205_car production data.xlsx, Passenger car production
A31: 30 | B31: HRV | C31: Croatia | D31: FALSE | F31: not positive/not reported | G31: 20250205_car production data.xlsx, Passenger car production
A32: 31 | B32: HUN | C32: Hungary | D32: FALSE | F32: not positive/not reported | G32: 20250205_car production data.xlsx, Passenger car production
A33: 32 | B33: IDN | C33: Indonesia | D33: FALSE | F33: not positive/not reported | G33: 20250205_car production data.xlsx, Passenger car production
A34: 33 | B34: IND | C34: India | D34: FALSE | F34: not positive/not reported | G34: 20250205_car production data.xlsx, Passenger car production
A35: 34 | B35: IRL | C35: Ireland | D35: FALSE | F35: not positive/not reported | G35: 20250205_car production data.xlsx, Passenger car production
A36: 35 | B36: ISL | C36: Iceland | D36: FALSE | F36: not positive/not reported | G36: 20250205_car production data.xlsx, Passenger car production
A37: 36 | B37: ISR | C37: Israel (2) | D37: FALSE | F37: not positive/not reported | G37: 20250205_car production data.xlsx, Passenger car production
A38: 37 | B38: ITA | C38: Italy | D38: FALSE | E38: 0 | F38: not positive/not reported | G38: 20250205_car production data.xlsx, Passenger car production
A39: 38 | B39: JOR | C39: Jordan | D39: FALSE | F39: not positive/not reported | G39: 20250205_car production data.xlsx, Passenger car production
A40: 39 | B40: JPN | C40: Japan | D40: TRUE | E40: 190.1 | F40: positive 2023 EV passenger-car production | G40: 20250205_car production data.xlsx, Passenger car production
A41: 40 | B41: KAZ | C41: Kazakhstan | D41: FALSE | F41: not positive/not reported | G41: 20250205_car production data.xlsx, Passenger car production
A42: 41 | B42: KHM | C42: Cambodia | D42: FALSE | F42: not positive/not reported | G42: 20250205_car production data.xlsx, Passenger car production
A43: 42 | B43: KOR | C43: Korea | D43: TRUE | E43: 313.466 | F43: positive 2023 EV passenger-car production | G43: 20250205_car production data.xlsx, Passenger car production
A44: 43 | B44: LAO | C44: Lao (People's Democratic Republic) | D44: FALSE | F44: not positive/not reported | G44: 20250205_car production data.xlsx, Passenger car production
A45: 44 | B45: LTU | C45: Lithuania | D45: FALSE | F45: not positive/not reported | G45: 20250205_car production data.xlsx, Passenger car production
A46: 45 | B46: LUX | C46: Luxembourg | D46: FALSE | F46: not positive/not reported | G46: 20250205_car production data.xlsx, Passenger car production
A47: 46 | B47: LVA | C47: Latvia | D47: FALSE | F47: not positive/not reported | G47: 20250205_car production data.xlsx, Passenger car production
A48: 47 | B48: MAR | C48: Morocco | D48: FALSE | F48: not positive/not reported | G48: 20250205_car production data.xlsx, Passenger car production
A49: 48 | B49: MEX | C49: Mexico | D49: TRUE | E49: 96.714 | F49: positive 2023 EV passenger-car production | G49: 20250205_car production data.xlsx, Passenger car production
A50: 49 | B50: MLT | C50: Malta | D50: FALSE | F50: not positive/not reported | G50: 20250205_car production data.xlsx, Passenger car production
A51: 50 | B51: MMR | C51: Myanmar | D51: FALSE | F51: not positive/not reported | G51: 20250205_car production data.xlsx, Passenger car production
A52: 51 | B52: MYS | C52: Malaysia | D52: FALSE | F52: not positive/not reported | G52: 20250205_car production data.xlsx, Passenger car production
A53: 52 | B53: NGA | C53: Nigeria | D53: FALSE | F53: not positive/not reported | G53: 20250205_car production data.xlsx, Passenger car production
A54: 53 | B54: NLD | C54: Netherlands | D54: FALSE | E54: 0 | F54: not positive/not reported | G54: 20250205_car production data.xlsx, Passenger car production
A55: 54 | B55: NOR | C55: Norway | D55: FALSE | F55: not positive/not reported | G55: 20250205_car production data.xlsx, Passenger car production
A56: 55 | B56: NZL | C56: New Zealand | D56: FALSE | F56: not positive/not reported | G56: 20250205_car production data.xlsx, Passenger car production
A57: 56 | B57: PAK | C57: Pakistan | D57: FALSE | F57: not positive/not reported | G57: 20250205_car production data.xlsx, Passenger car production
A58: 57 | B58: PER | C58: Peru | D58: FALSE | F58: not positive/not reported | G58: 20250205_car production data.xlsx, Passenger car production
A59: 58 | B59: PHL | C59: Philippines | D59: FALSE | F59: not positive/not reported | G59: 20250205_car production data.xlsx, Passenger car production
A60: 59 | B60: POL | C60: Poland | D60: TRUE | E60: 1.771 | F60: positive 2023 EV passenger-car production | G60: 20250205_car production data.xlsx, Passenger car production
A61: 60 | B61: PRT | C61: Portugal | D61: FALSE | E61: 0 | F61: not positive/not reported | G61: 20250205_car production data.xlsx, Passenger car production
A62: 61 | B62: ROU | C62: Romania | D62: FALSE | F62: not positive/not reported | G62: 20250205_car production data.xlsx, Passenger car production
A63: 62 | B63: RUS | C63: Russian Federation | D63: FALSE | E63: 0 | F63: not positive/not reported | G63: 20250205_car production data.xlsx, Passenger car production
A64: 63 | B64: SAU | C64: Saudi Arabia | D64: FALSE | F64: not positive/not reported | G64: 20250205_car production data.xlsx, Passenger car production
A65: 64 | B65: SEN | C65: Senegal | D65: FALSE | F65: not positive/not reported | G65: 20250205_car production data.xlsx, Passenger car production
A66: 65 | B66: SGP | C66: Singapore | D66: FALSE | F66: not positive/not reported | G66: 20250205_car production data.xlsx, Passenger car production
A67: 66 | B67: SVK | C67: Slovakia | D67: FALSE | E67: 0 | F67: not positive/not reported | G67: 20250205_car production data.xlsx, Passenger car production
A68: 67 | B68: SVN | C68: Slovenia | D68: FALSE | F68: not positive/not reported | G68: 20250205_car production data.xlsx, Passenger car production
A69: 68 | B69: SWE | C69: Sweden | D69: FALSE | E69: 0 | F69: not positive/not reported | G69: 20250205_car production data.xlsx, Passenger car production
A70: 69 | B70: THA | C70: Thailand | D70: FALSE | F70: not positive/not reported | G70: 20250205_car production data.xlsx, Passenger car production
A71: 70 | B71: TUN | C71: Tunisia | D71: FALSE | F71: not positive/not reported | G71: 20250205_car production data.xlsx, Passenger car production
A72: 71 | B72: TUR | C72: Türkiye | D72: FALSE | E72: 0 | F72: not positive/not reported | G72: 20250205_car production data.xlsx, Passenger car production
A73: 72 | B73: TWN | C73: Chinese Taipei | D73: FALSE | F73: not positive/not reported | G73: 20250205_car production data.xlsx, Passenger car production
A74: 73 | B74: UKR | C74: Ukraine | D74: FALSE | F74: not positive/not reported | G74: 20250205_car production data.xlsx, Passenger car production
A75: 74 | B75: USA | C75: United States | D75: TRUE | E75: 977.873 | F75: positive 2023 EV passenger-car production | G75: 20250205_car production data.xlsx, Passenger car production
A76: 75 | B76: VNM | C76: Viet Nam | D76: FALSE | F76: not positive/not reported | G76: 20250205_car production data.xlsx, Passenger car production
A77: 76 | B77: ZAF | C77: South Africa | D77: FALSE | E77: 0 | F77: not positive/not reported | G77: 20250205_car production data.xlsx, Passenger car production
A78: 77 | B78: ROW | C78: Rest of the World | D78: FALSE | F78: not positive/not reported | G78: 20250205_car production data.xlsx, Passenger car production

Sheet Sectors
A1: Index | B1: ICIO50 code | C1: Industry | D1: ISIC Rev.4
A2: 1 | B2: A01 | C2: Agriculture and hunting | D2: 01
A3: 2 | B3: A02 | C3: Forestry and logging | D3: 02
A4: 3 | B4: A03 | C4: Fishing and aquaculture | D4: 03
A5: 4 | B5: B05 | C5: Mining of coal and lignite | D5: 05
A6: 5 | B6: B06 | C6: Extraction of crude petroleum and natural gas | D6: 06
A7: 6 | B7: B07 | C7: Mining of metal ores | D7: 07
A8: 7 | B8: B08 | C8: Other mining and quarrying | D8: 08
A9: 8 | B9: B09 | C9: Mining support service activities | D9: 09
A10: 9 | B10: C10T12 | C10: Manufacture of food products; beverages and tobacco products | D10: 10, 11, 12
A11: 10 | B11: C13T15 | C11: Manufacture of textiles, wearing apparel, leather and related products | D11: 13, 14, 15
A12: 11 | B12: C16 | C12: Manufacture of wood and of products of wood and cork | D12: 16
A13: 12 | B13: C17_18 | C13: Manufacture of paper and paper products; Printing and reproduction of recorded media | D13: 17, 18
... A51: 50 | B51: T | C51: Activities of households as employers; undifferentiated goods- and services-producing activities of households for own use | D51: 97, 98

Sheet BOM_raw
A1: country_code | B1: country_name | C1: item_id | D1: figure_label | E1: bom_share | F1: group | G1: icio_treatment | H1: origin_rule | I1: source | J1: notes | K1: 396 | L1: 396 | M1: 396
A2: CHN | B2: China | C2: BATTERY_PACK | D2: Battery pack | E2: =35.2%-0.0915 -> 0.2605 | F2: T | G2: C27 explicit input | H2: LEGACY_T | I2: User-supplied BOM figure (15 labelled items; bibliographic metadata pending) | J2: Traction battery pack | K2: 396 | L2: 396 | M2: 396
A3: CHN | B3: China | C3: HIGH_VOLTAGE_HARNESS | D3: High-voltage harness | E3: 0.01 | F3: HV | G3: C29 original-A allocation | H3: ORIGINAL_A | I3: User-supplied BOM figure (15 labelled items; bibliographic metadata pending) | J3: Kept separate from electronic control | K3: 396 | L3: 396 | M3: 396
A4: CHN | B4: China | C4: DRIVE_MOTOR | D4: Drive motor (rear single) | E4: 0.027 | F4: M | G4: C27 explicit input | H4: LEGACY_M | I4: User-supplied BOM figure (15 labelled items; bibliographic metadata pending) | J4: Drive motor | K4: 396 | L4: 396 | M4: 396
A5: CHN | B5: China | C5: MCU | D5: MCU (motor controller) | E5: 0.023 | F5: E | G5: C26/C27 item split | H5: LEGACY_C | I5: User-supplied BOM figure (15 labelled items; bibliographic metadata pending) | J5: E/C27 item | K5: 396 | L5: 396 | M5: 396
A6: CHN | B6: China | C6: REDUCER | D6: Reducer | E6: 0.009 | F6: M | G6: C27 explicit input | H6: LEGACY_M | I6: User-supplied BOM figure (15 labelled items; bibliographic metadata pending) | J6: Included with the drive system | K6: 396 | L6: 396 | M6: 396
A7: CHN | B7: China | C7: OBC | D7: OBC (on-board charger) | E7: 0.006 | F7: E | G7: C26/C27 item split | H7: LEGACY_C | I7: User-supplied BOM figure (15 labelled items; bibliographic metadata pending) | J7: E/C27 item | K7: 396 | L7: 396 | M7: 396
A8: CHN | B8: China | C8: DCDC | D8: DCDC (direct current-direct current converter) | E8: 0.004 | F8: E | G8: C26/C27 item split | H8: LEGACY_C | I8: User-supplied BOM figure (15 labelled items; bibliographic metadata pending) | J8: E/C27 item | K8: 396 | L8: 396 | M8: 396
A9: CHN | B9: China | C9: PDU | D9: PDU (high-voltage distribution box) | E9: 0.007 | F9: E | G9: C26/C27 item split | H9: LEGACY_C | I9: User-supplied BOM figure (15 labelled items; bibliographic metadata pending) | J9: E/C27 item | K9: 396 | L9: 396 | M9: 396
A10: CHN | B10: China | C10: BMS | D10: BMS | E10: 0.011 | F10: E | G10: C26/C27 item split | H10: LEGACY_C | I10: User-supplied BOM figure (15 labelled items; bibliographic metadata pending) | J10: E/C26 item | K10: 396 | L10: 396 | M10: 396
A11: CHN | B11: China | C11: VCU | D11: VCU (vehicle controller) | E11: 0.002 | F11: E | G11: C26/C27 item split | H11: LEGACY_C | I11: User-supplied BOM figure (15 labelled items; bibliographic metadata pending) | J11: E/C26 item | K11: 396 | L11: 396 | M11: 396
A12: CHN | B12: China | C12: BODY | D12: Body | E12: 0.152 | F12: SHARED | G12: Original C29 input structure | H12: ORIGINAL_A | I12: User-supplied BOM figure (15 labelled items; bibliographic metadata pending) | J12: Shared/non-powertrain component | K12: 396 | L12: 396 | M12: 396
A13: CHN | B13: China | C13: INTERIOR_EXTERIOR | D13: Interior and exterior decoration | E13: =9.8%+0.0915 -> 0.1895 | F13: SHARED | G13: Original C29 input structure | H13: ORIGINAL_A | I13: User-supplied BOM figure (15 labelled items; bibliographic metadata pending) | J13: Shared/non-powertrain component | K13: 396 | L13: 396 | M13: 396
A14: CHN | B14: China | C14: CHASSIS | D14: Chassis | E14: 0.137 | F14: SHARED | G14: Original C29 input structure | H14: ORIGINAL_A | I14: User-supplied BOM figure (15 labelled items; bibliographic metadata pending) | J14: Shared/non-powertrain component | K14: 396 | L14: 396 | M14: 396
A15: CHN | B15: China | C15: ELECTRONIC_ELECTRICAL | D15: Electronic and electrical | E15: 0.103 | F15: EE | G15: C26|C27|C29 original-A allocation | H15: ORIGINAL_A | I15: User-supplied BOM figure (15 labelled items; bibliographic metadata pending) | J15: Not included in the narrow three-electric-system total | K15: 396 | L15: 396 | M15: 396
A16: CHN | B16: China | C16: INTELLIGENT_DRIVING | D16: Intelligent driving | E16: 0.059 | F16: I | G16: C26 original-A allocation | H16: ORIGINAL_A | I16: User-supplied BOM figure (15 labelled items; bibliographic metadata pending) | J16: Not included in the narrow three-electric-system total | K16: 396 | L16: 396 | M16: 396
A17: DEU | B17: Germany | C17: BATTERY_PACK | D17: Battery pack | E17: =35.2%-0.0544 -> 0.2976 | F17: T | G17: C27 explicit input | H17: LEGACY_T | I17: User-supplied BOM figure (15 labelled items; bibliographic metadata pending) | J17: Traction battery pack | K17: 396 | L17: 396 | M17: 396
A18: DEU | B18: Germany | C18: HIGH_VOLTAGE_HARNESS | D18: High-voltage harness | E18: 0.01 | F18: HV | G18: C29 original-A allocation | H18: ORIGINAL_A | I18: User-supplied BOM figure (15 labelled items; bibliographic metadata pending) | J18: Kept separate from electronic control | K18: 396 | L18: 396 | M18: 396
A19: DEU | B19: Germany | C19: DRIVE_MOTOR | D19: Drive motor (rear single) | E19: 0.027 | F19: M | G19: C27 explicit input | H19: LEGACY_M | I19: User-supplied BOM figure (15 labelled items; bibliographic metadata pending) | J19: Drive motor | K19: 396 | L19: 396 | M19: 396
A20: DEU | B20: Germany | C20: MCU | D20: MCU (motor controller) | E20: 0.023 | F20: E | G20: C26/C27 item split | H20: LEGACY_C | I20: User-supplied BOM figure (15 labelled items; bibliographic metadata pending) | J20: E/C27 item | K20: 396 | L20: 396 | M20: 396
A21: DEU | B21: Germany | C21: REDUCER | D21: Reducer | E21: 0.009 | F21: M | G21: C27 explicit input | H21: LEGACY_M | I21: User-supplied BOM figure (15 labelled items; bibliographic metadata pending) | J21: Included with the drive system | K21: 396 | L21: 396 | M21: 396
A22: DEU | B22: Germany | C22: OBC | D22: OBC (on-board charger) | E22: 0.006 | F22: E | G22: C26/C27 item split | H22: LEGACY_C | I22: User-supplied BOM figure (15 labelled items; bibliographic metadata pending) | J22: E/C27 item | K22: 396 | L22: 396 | M22: 396
A23: DEU | B23: Germany | C23: DCDC | D23: DCDC (direct current-direct current converter) | E23: 0.004 | F23: E | G23: C26/C27 item split | H23: LEGACY_C | I23: User-supplied BOM figure (15 labelled items; bibliographic metadata pending) | J23: E/C27 item | K23: 396 | L23: 396 | M23: 396
A24: DEU | B24: Germany | C24: PDU | D24: PDU (high-voltage distribution box) | E24: 0.007 | F24: E | G24: C26/C27 item split | H24: LEGACY_C | I24: User-supplied BOM figure (15 labelled items; bibliographic metadata pending) | J24: E/C27 item | K24: 396 | L24: 396 | M24: 396
A25: DEU | B25: Germany | C25: BMS | D25: BMS | E25: 0.011 | F25: E | G25: C26/C27 item split | H25: LEGACY_C | I25: User-supplied BOM figure (15 labelled items; bibliographic metadata pending) | J25: E/C26 item | K25: 396 | L25: 396 | M25: 396
A26: DEU | B26: Germany | C26: VCU | D26: VCU (vehicle controller) | E26: 0.002 | F26: E | G26: C26/C27 item split | H26: LEGACY_C | I26: User-supplied BOM figure (15 labelled items; bibliographic metadata pending) | J26: E/C26 item | K26: 396 | L26: 396 | M26: 396
A27: DEU | B27: Germany | C27: BODY | D27: Body | E27: 0.152 | F27: SHARED | G27: Original C29 input structure | H27: ORIGINAL_A | I27: User-supplied BOM figure (15 labelled items; bibliographic metadata pending) | J27: Shared/non-powertrain component | K27: 396 | L27: 396 | M27: 396
A28: DEU | B28: Germany | C28: INTERIOR_EXTERIOR | D28: Interior and exterior decoration | E28: =9.8%+0.0544 -> 0.1524 | F28: SHARED | G28: Original C29 input structure | H28: ORIGINAL_A | I28: User-supplied BOM figure (15 labelled items; bibliographic metadata pending) | J28: Shared/non-powertrain component | K28: 396 | L28: 396 | M28: 396
A29: DEU | B29: Germany | C29: CHASSIS | D29: Chassis | E29: 0.137 | F29: SHARED | G29: Original C29 input structure | H29: ORIGINAL_A | I29: User-supplied BOM figure (15 labelled items; bibliographic metadata pending) | J29: Shared/non-powertrain component | K29: 396 | L29: 396 | M29: 396
A30: DEU | B30: Germany | C30: ELECTRONIC_ELECTRICAL | D30: Electronic and electrical | E30: 0.103 | F30: EE | G30: C26|C27|C29 original-A allocation | H30: ORIGINAL_A | I30: User-supplied BOM figure (15 labelled items; bibliographic metadata pending) | J30: Not included in the narrow three-electric-system total | K30: 396 | L30: 396 | M30: 396
A31: DEU | B31: Germany | C31: INTELLIGENT_DRIVING | D31: Intelligent driving | E31: 0.059 | F31: I | G31: C26 original-A allocation | H31: ORIGINAL_A | I31: User-supplied BOM figure (15 labelled items; bibliographic metadata pending) | J31: Not included in the narrow three-electric-system total | K31: 396 | L31: 396 | M31: 396
A32: JPN | B32: Japan | C32: BATTERY_PACK | D32: Battery pack | E32: =35.2%-0.11865 -> 0.23335 | F32: T | G32: C27 explicit input | H32: LEGACY_T | I32: User-supplied BOM figure (15 labelled items; bibliographic metadata pending) | J32: Traction battery pack | K32: 396 | L32: 396 | M32: 396
A33: JPN | B33: Japan | C33: HIGH_VOLTAGE_HARNESS | D33: High-voltage harness | E33: 0.01 | F33: HV | G33: C29 original-A allocation | H33: ORIGINAL_A | I33: User-supplied BOM figure (15 labelled items; bibliographic metadata pending) | J33: Kept separate from electronic control | K33: 396 | L33: 396 | M33: 396
A34: JPN | B34: Japan | C34: DRIVE_MOTOR | D34: Drive motor (rear single) | E34: 0.027 | F34: M | G34: C27 explicit input | H34: LEGACY_M | I34: User-supplied BOM figure (15 labelled items; bibliographic metadata pending) | J34: Drive motor | K34: 396 | L34: 396 | M34: 396
A35: JPN | B35: Japan | C35: MCU | D35: MCU (motor controller) | E35: 0.023 | F35: E | G35: C26/C27 item split | H35: LEGACY_C | I35: User-supplied BOM figure (15 labelled items; bibliographic metadata pending) | J35: E/C27 item | K35: 396 | L35: 396 | M35: 396
A36: JPN | B36: Japan | C36: REDUCER | D36: Reducer | E36: 0.009 | F36: M | G36: C27 explicit input | H36: LEGACY_M | I36: User-supplied BOM figure (15 labelled items; bibliographic metadata pending) | J36: Included with the drive system | K36: 396 | L36: 396 | M36: 396
A37: JPN | B37: Japan | C37: OBC | D37: OBC (on-board charger) | E37: 0.006 | F37: E | G37: C26/C27 item split | H37: LEGACY_C | I37: User-supplied BOM figure (15 labelled items; bibliographic metadata pending) | J37: E/C27 item | K37: 396 | L37: 396 | M37: 396
A38: JPN | B38: Japan | C38: DCDC | D38: DCDC (direct current-direct current converter) | E38: 0.004 | F38: E | G38: C26/C27 item split | H38: LEGACY_C | I38: User-supplied BOM figure (15 labelled items; bibliographic metadata pending) | J38: E/C27 item | K38: 396 | L38: 396 | M38: 396
A39: JPN | B39: Japan | C39: PDU | D39: PDU (high-voltage distribution box) | E39: 0.007 | F39: E | G39: C26/C27 item split | H39: LEGACY_C | I39: User-supplied BOM figure (15 labelled items; bibliographic metadata pending) | J39: E/C27 item | K39: 396 | L39: 396 | M39: 396
A40: JPN | B40: Japan | C40: BMS | D40: BMS | E40: 0.011 | F40: E | G40: C26/C27 item split | H40: LEGACY_C | I40: User-supplied BOM figure (15 labelled items; bibliographic metadata pending) | J40: E/C26 item | K40: 396 | L40: 396 | M40: 396
A41: JPN | B41: Japan | C41: VCU | D41: VCU (vehicle controller) | E41: 0.002 | F41: E | G41: C26/C27 item split | H41: LEGACY_C | I41: User-supplied BOM figure (15 labelled items; bibliographic metadata pending) | J41: E/C26 item | K41: 396 | L41: 396 | M41: 396
A42: JPN | B42: Japan | C42: BODY | D42: Body | E42: 0.152 | F42: SHARED | G42: Original C29 input structure | H42: ORIGINAL_A | I42: User-supplied BOM figure (15 labelled items; bibliographic metadata pending) | J42: Shared/non-powertrain component | K42: 396 | L42: 396 | M42: 396
A43: JPN | B43: Japan | C43: INTERIOR_EXTERIOR | D43: Interior and exterior decoration | E43: =9.8%+0.11865 -> 0.21665 | F43: SHARED | G43: Original C29 input structure | H43: ORIGINAL_A | I43: User-supplied BOM figure (15 labelled items; bibliographic metadata pending) | J43: Shared/non-powertrain component | K43: 396 | L43: 396 | M43: 396
A44: JPN | B44: Japan | C44: CHASSIS | D44: Chassis | E44: 0.137 | F44: SHARED | G44: Original C29 input structure | H44: ORIGINAL_A | I44: User-supplied BOM figure (15 labelled items; bibliographic metadata pending) | J44: Shared/non-powertrain component | K44: 396 | L44: 396 | M44: 396
A45: JPN | B45: Japan | C45: ELECTRONIC_ELECTRICAL | D45: Electronic and electrical | E45: 0.103 | F45: EE | G45: C26|C27|C29 original-A allocation | H45: ORIGINAL_A | I45: User-supplied BOM figure (15 labelled items; bibliographic metadata pending) | J45: Not included in the narrow three-electric-system total | K45: 396 | L45: 396 | M45: 396
A46: JPN | B46: Japan | C46: INTELLIGENT_DRIVING | D46: Intelligent driving | E46: 0.059 | F46: I | G46: C26 original-A allocation | H46: ORIGINAL_A | I46: User-supplied BOM figure (15 labelled items; bibliographic metadata pending) | J46: Not included in the narrow three-electric-system total | K46: 396 | L46: 396 | M46: 396
A47: KOR | B47: South Korea | C47: BATTERY_PACK | D47: Battery pack | E47: =35.2%-0.0204 -> 0.3316 | F47: T | G47: C27 explicit input | H47: LEGACY_T | I47: User-supplied BOM figure (15 labelled items; bibliographic metadata pending) | J47: Traction battery pack | K47: 396 | L47: 396 | M47: 396
A48: KOR | B48: South Korea | C48: HIGH_VOLTAGE_HARNESS | D48: High-voltage harness | E48: 0.01 | F48: HV | G48: C29 original-A allocation | H48: ORIGINAL_A | I48: User-supplied BOM figure (15 labelled items; bibliographic metadata pending) | J48: Kept separate from electronic control | K48: 396 | L48: 396 | M48: 396
A49: KOR | B49: South Korea | C49: DRIVE_MOTOR | D49: Drive motor (rear single) | E49: 0.027 | F49: M | G49: C27 explicit input | H49: LEGACY_M | I49: User-supplied BOM figure (15 labelled items; bibliographic metadata pending) | J49: Drive motor | K49: 396 | L49: 396 | M49: 396
A50: KOR | B50: South Korea | C50: MCU | D50: MCU (motor controller) | E50: 0.023 | F50: E | G50: C26/C27 item split | H50: LEGACY_C | I50: User-supplied BOM figure (15 labelled items; bibliographic metadata pending) | J50: E/C27 item | K50: 396 | L50: 396 | M50: 396
A51: KOR | B51: South Korea | C51: REDUCER | D51: Reducer | E51: 0.009 | F51: M | G51: C27 explicit input | H51: LEGACY_M | I51: User-supplied BOM figure (15 labelled items; bibliographic metadata pending) | J51: Included with the drive system | K51: 396 | L51: 396 | M51: 396
A52: KOR | B52: South Korea | C52: OBC | D52: OBC (on-board charger) | E52: 0.006 | F52: E | G52: C26/C27 item split | H52: LEGACY_C | I52: User-supplied BOM figure (15 labelled items; bibliographic metadata pending) | J52: E/C27 item | K52: 396 | L52: 396 | M52: 396
A53: KOR | B53: South Korea | C53: DCDC | D53: DCDC (direct current-direct current converter) | E53: 0.004 | F53: E | G53: C26/C27 item split | H53: LEGACY_C | I53: User-supplied BOM figure (15 labelled items; bibliographic metadata pending) | J53: E/C27 item | K53: 396 | L53: 396 | M53: 396
A54: KOR | B54: South Korea | C54: PDU | D54: PDU (high-voltage distribution box) | E54: 0.007 | F54: E | G54: C26/C27 item split | H54: LEGACY_C | I54: User-supplied BOM figure (15 labelled items; bibliographic metadata pending) | J54: E/C27 item | K54: 396 | L54: 396 | M54: 396
A55: KOR | B55: South Korea | C55: BMS | D55: BMS | E55: 0.011 | F55: E | G55: C26/C27 item split | H55: LEGACY_C | I55: User-supplied BOM figure (15 labelled items; bibliographic metadata pending) | J55: E/C26 item | K55: 396 | L55: 396 | M55: 396
A56: KOR | B56: South Korea | C56: VCU | D56: VCU (vehicle controller) | E56: 0.002 | F56: E | G56: C26/C27 item split | H56: LEGACY_C | I56: User-supplied BOM figure (15 labelled items; bibliographic metadata pending) | J56: E/C26 item | K56: 396 | L56: 396 | M56: 396
A57: KOR | B57: South Korea | C57: BODY | D57: Body | E57: 0.152 | F57: SHARED | G57: Original C29 input structure | H57: ORIGINAL_A | I57: User-supplied BOM figure (15 labelled items; bibliographic metadata pending) | J57: Shared/non-powertrain component | K57: 396 | L57: 396 | M57: 396
A58: KOR | B58: South Korea | C58: INTERIOR_EXTERIOR | D58: Interior and exterior decoration | E58: =9.8%+0.0204 -> 0.1184 | F58: SHARED | G58: Original C29 input structure | H58: ORIGINAL_A | I58: User-supplied BOM figure (15 labelled items; bibliographic metadata pending) | J58: Shared/non-powertrain component | K58: 396 | L58: 396 | M58: 396
A59: KOR | B59: South Korea | C59: CHASSIS | D59: Chassis | E59: 0.137 | F59: SHARED | G59: Original C29 input structure | H59: ORIGINAL_A | I59: User-supplied BOM figure (15 labelled items; bibliographic metadata pending) | J59: Shared/non-powertrain component | K59: 396 | L59: 396 | M59: 396
A60: KOR | B60: South Korea | C60: ELECTRONIC_ELECTRICAL | D60: Electronic and electrical | E60: 0.103 | F60: EE | G60: C26|C27|C29 original-A allocation | H60: ORIGINAL_A | I60: User-supplied BOM figure (15 labelled items; bibliographic metadata pending) | J60: Not included in the narrow three-electric-system total | K60: 396 | L60: 396 | M60: 396
A61: KOR | B61: South Korea | C61: INTELLIGENT_DRIVING | D61: Intelligent driving | E61: 0.059 | F61: I | G61: C26 original-A allocation | H61: ORIGINAL_A | I61: User-supplied BOM figure (15 labelled items; bibliographic metadata pending) | J61: Not included in the narrow three-electric-system total | K61: 396 | L61: 396 | M61: 396
A62: MEX | B62: Mexico | C62: BATTERY_PACK | D62: Battery pack | E62: =35.2%-0.0551 -> 0.2969 | F62: T | G62: C27 explicit input | H62: LEGACY_T | I62: User-supplied BOM figure (15 labelled items; bibliographic metadata pending) | J62: Traction battery pack | K62: 396 | L62: 396 | M62: 396
A63: MEX | B63: Mexico | C63: HIGH_VOLTAGE_HARNESS | D63: High-voltage harness | E63: 0.01 | F63: HV | G63: C29 original-A allocation | H63: ORIGINAL_A | I63: User-supplied BOM figure (15 labelled items; bibliographic metadata pending) | J63: Kept separate from electronic control | K63: 396 | L63: 396 | M63: 396
A64: MEX | B64: Mexico | C64: DRIVE_MOTOR | D64: Drive motor (rear single) | E64: 0.027 | F64: M | G64: C27 explicit input | H64: LEGACY_M | I64: User-supplied BOM figure (15 labelled items; bibliographic metadata pending) | J64: Drive motor | K64: 396 | L64: 396 | M64: 396
A65: MEX | B65: Mexico | C65: MCU | D65: MCU (motor controller) | E65: 0.023 | F65: E | G65: C26/C27 item split | H65: LEGACY_C | I65: User-supplied BOM figure (15 labelled items; bibliographic metadata pending) | J65: E/C27 item | K65: 396 | L65: 396 | M65: 396
A66: MEX | B66: Mexico | C66: REDUCER | D66: Reducer | E66: 0.009 | F66: M | G66: C27 explicit input | H66: LEGACY_M | I66: User-supplied BOM figure (15 labelled items; bibliographic metadata pending) | J66: Included with the drive system | K66: 396 | L66: 396 | M66: 396
A67: MEX | B67: Mexico | C67: OBC | D67: OBC (on-board charger) | E67: 0.006 | F67: E | G67: C26/C27 item split | H67: LEGACY_C | I67: User-supplied BOM figure (15 labelled items; bibliographic metadata pending) | J67: E/C27 item | K67: 396 | L67: 396 | M67: 396
A68: MEX | B68: Mexico | C68: DCDC | D68: DCDC (direct current-direct current converter) | E68: 0.004 | F68: E | G68: C26/C27 item split | H68: LEGACY_C | I68: User-supplied BOM figure (15 labelled items; bibliographic metadata pending) | J68: E/C27 item | K68: 396 | L68: 396 | M68: 396
A69: MEX | B69: Mexico | C69: PDU | D69: PDU (high-voltage distribution box) | E69: 0.007 | F69: E | G69: C26/C27 item split | H69: LEGACY_C | I69: User-supplied BOM figure (15 labelled items; bibliographic metadata pending) | J69: E/C27 item | K69: 396 | L69: 396 | M69: 396
A70: MEX | B70: Mexico | C70: BMS | D70: BMS | E70: 0.011 | F70: E | G70: C26/C27 item split | H70: LEGACY_C | I70: User-supplied BOM figure (15 labelled items; bibliographic metadata pending) | J70: E/C26 item | K70: 396 | L70: 396 | M70: 396
A71: MEX | B71: Mexico | C71: VCU | D71: VCU (vehicle controller) | E71: 0.002 | F71: E | G71: C26/C27 item split | H71: LEGACY_C | I71: User-supplied BOM figure (15 labelled items; bibliographic metadata pending) | J71: E/C26 item | K71: 396 | L71: 396 | M71: 396
A72: MEX | B72: Mexico | C72: BODY | D72: Body | E72: 0.152 | F72: SHARED | G72: Original C29 input structure | H72: ORIGINAL_A | I72: User-supplied BOM figure (15 labelled items; bibliographic metadata pending) | J72: Shared/non-powertrain component | K72: 396 | L72: 396 | M72: 396
A73: MEX | B73: Mexico | C73: INTERIOR_EXTERIOR | D73: Interior and exterior decoration | E73: =9.8%+0.0551 -> 0.1531 | F73: SHARED | G73: Original C29 input structure | H73: ORIGINAL_A | I73: User-supplied BOM figure (15 labelled items; bibliographic metadata pending) | J73: Shared/non-powertrain component | K73: 396 | L73: 396 | M73: 396
A74: MEX | B74: Mexico | C74: CHASSIS | D74: Chassis | E74: 0.137 | F74: SHARED | G74: Original C29 input structure | H74: ORIGINAL_A | I74: User-supplied BOM figure (15 labelled items; bibliographic metadata pending) | J74: Shared/non-powertrain component | K74: 396 | L74: 396 | M74: 396
A75: MEX | B75: Mexico | C75: ELECTRONIC_ELECTRICAL | D75: Electronic and electrical | E75: 0.103 | F75: EE | G75: C26|C27|C29 original-A allocation | H75: ORIGINAL_A | I75: User-supplied BOM figure (15 labelled items; bibliographic metadata pending) | J75: Not included in the narrow three-electric-system total | K75: 396 | L75: 396 | M75: 396
A76: MEX | B76: Mexico | C76: INTELLIGENT_DRIVING | D76: Intelligent driving | E76: 0.059 | F76: I | G76: C26 original-A allocation | H76: ORIGINAL_A | I76: User-supplied BOM figure (15 labelled items; bibliographic metadata pending) | J76: Not included in the narrow three-electric-system total | K76: 396 | L76: 396 | M76: 396
A77: USA | B77: United States | C77: BATTERY_PACK | D77: Battery pack | E77: =35.2%-0.0445 -> 0.3075 | F77: T | G77: C27 explicit input | H77: LEGACY_T | I77: User-supplied BOM figure (15 labelled items; bibliographic metadata pending) | J77: Traction battery pack | K77: 396 | L77: 396 | M77: 396
A78: USA | B78: United States | C78: HIGH_VOLTAGE_HARNESS | D78: High-voltage harness | E78: 0.01 | F78: HV | G78: C29 original-A allocation | H78: ORIGINAL_A | I78: User-supplied BOM figure (15 labelled items; bibliographic metadata pending) | J78: Kept separate from electronic control | K78: 396 | L78: 396 | M78: 396
A79: USA | B79: United States | C79: DRIVE_MOTOR | D79: Drive motor (rear single) | E79: 0.027 | F79: M | G79: C27 explicit input | H79: LEGACY_M | I79: User-supplied BOM figure (15 labelled items; bibliographic metadata pending) | J79: Drive motor | K79: 396 | L79: 396 | M79: 396
A80: USA | B80: United States | C80: MCU | D80: MCU (motor controller) | E80: 0.023 | F80: E | G80: C26/C27 item split | H80: LEGACY_C | I80: User-supplied BOM figure (15 labelled items; bibliographic metadata pending) | J80: E/C27 item | K80: 396 | L80: 396 | M80: 396
A81: USA | B81: United States | C81: REDUCER | D81: Reducer | E81: 0.009 | F81: M | G81: C27 explicit input | H81: LEGACY_M | I81: User-supplied BOM figure (15 labelled items; bibliographic metadata pending) | J81: Included with the drive system | K81: 396 | L81: 396 | M81: 396
A82: USA | B82: United States | C82: OBC | D82: OBC (on-board charger) | E82: 0.006 | F82: E | G82: C26/C27 item split | H82: LEGACY_C | I82: User-supplied BOM figure (15 labelled items; bibliographic metadata pending) | J82: E/C27 item | K82: 396 | L82: 396 | M82: 396
A83: USA | B83: United States | C83: DCDC | D83: DCDC (direct current-direct current converter) | E83: 0.004 | F83: E | G83: C26/C27 item split | H83: LEGACY_C | I83: User-supplied BOM figure (15 labelled items; bibliographic metadata pending) | J83: E/C27 item | K83: 396 | L83: 396 | M83: 396
A84: USA | B84: United States | C84: PDU | D84: PDU (high-voltage distribution box) | E84: 0.007 | F84: E | G84: C26/C27 item split | H84: LEGACY_C | I84: User-supplied BOM figure (15 labelled items; bibliographic metadata pending) | J84: E/C27 item | K84: 396 | L84: 396 | M84: 396
A85: USA | B85: United States | C85: BMS | D85: BMS | E85: 0.011 | F85: E | G85: C26/C27 item split | H85: LEGACY_C | I85: User-supplied BOM figure (15 labelled items; bibliographic metadata pending) | J85: E/C26 item | K85: 396 | L85: 396 | M85: 396
A86: USA | B86: United States | C86: VCU | D86: VCU (vehicle controller) | E86: 0.002 | F86: E | G86: C26/C27 item split | H86: LEGACY_C | I86: User-supplied BOM figure (15 labelled items; bibliographic metadata pending) | J86: E/C26 item | K86: 396 | L86: 396 | M86: 396
A87: USA | B87: United States | C87: BODY | D87: Body | E87: 0.152 | F87: SHARED | G87: Original C29 input structure | H87: ORIGINAL_A | I87: User-supplied BOM figure (15 labelled items; bibliographic metadata pending) | J87: Shared/non-powertrain component | K87: 396 | L87: 396 | M87: 396
A88: USA | B88: United States | C88: INTERIOR_EXTERIOR | D88: Interior and exterior decoration | E88: =9.8%+0.0445 -> 0.1425 | F88: SHARED | G88: Original C29 input structure | H88: ORIGINAL_A | I88: User-supplied BOM figure (15 labelled items; bibliographic metadata pending) | J88: Shared/non-powertrain component | K88: 396 | L88: 396 | M88: 396
A89: USA | B89: United States | C89: CHASSIS | D89: Chassis | E89: 0.137 | F89: SHARED | G89: Original C29 input structure | H89: ORIGINAL_A | I89: User-supplied BOM figure (15 labelled items; bibliographic metadata pending) | J89: Shared/non-powertrain component | K89: 396 | L89: 396 | M89: 396
A90: USA | B90: United States | C90: ELECTRONIC_ELECTRICAL | D90: Electronic and electrical | E90: 0.103 | F90: EE | G90: C26|C27|C29 original-A allocation | H90: ORIGINAL_A | I90: User-supplied BOM figure (15 labelled items; bibliographic metadata pending) | J90: Not included in the narrow three-electric-system total | K90: 396 | L90: 396 | M90: 396
A91: USA | B91: United States | C91: INTELLIGENT_DRIVING | D91: Intelligent driving | E91: 0.059 | F91: I | G91: C26 original-A allocation | H91: ORIGINAL_A | I91: User-supplied BOM figure (15 labelled items; bibliographic metadata pending) | J91: Not included in the narrow three-electric-system total | K91: 396 | L91: 396 | M91: 396
A92: OTHERS | B92: All other economies (fallback profile) | C92: BATTERY_PACK | D92: Battery pack | E92: =35.2%-0.062 -> 0.29 | F92: T | G92: C27 explicit input | H92: LEGACY_T | I92: User-supplied BOM figure (15 labelled items; bibliographic metadata pending) | J92: Traction battery pack | K92: 396 | L92: 396 | M92: 396
A93: OTHERS | B93: All other economies (fallback profile) | C93: HIGH_VOLTAGE_HARNESS | D93: High-voltage harness | E93: 0.01 | F93: HV | G93: C29 original-A allocation | H93: ORIGINAL_A | I93: User-supplied BOM figure (15 labelled items; bibliographic metadata pending) | J93: Kept separate from electronic control | K93: 396 | L93: 396 | M93: 396
A94: OTHERS | B94: All other economies (fallback profile) | C94: DRIVE_MOTOR | D94: Drive motor (rear single) | E94: 0.027 | F94: M | G94: C27 explicit input | H94: LEGACY_M | I94: User-supplied BOM figure (15 labelled items; bibliographic metadata pending) | J94: Drive motor | K94: 396 | L94: 396 | M94: 396
A95: OTHERS | B95: All other economies (fallback profile) | C95: MCU | D95: MCU (motor controller) | E95: 0.023 | F95: E | G95: C26/C27 item split | H95: LEGACY_C | I95: User-supplied BOM figure (15 labelled items; bibliographic metadata pending) | J95: E/C27 item | K95: 396 | L95: 396 | M95: 396
A96: OTHERS | B96: All other economies (fallback profile) | C96: REDUCER | D96: Reducer | E96: 0.009 | F96: M | G96: C27 explicit input | H96: LEGACY_M | I96: User-supplied BOM figure (15 labelled items; bibliographic metadata pending) | J96: Included with the drive system | K96: 396 | L96: 396 | M96: 396
A97: OTHERS | B97: All other economies (fallback profile) | C97: OBC | D97: OBC (on-board charger) | E97: 0.006 | F97: E | G97: C26/C27 item split | H97: LEGACY_C | I97: User-supplied BOM figure (15 labelled items; bibliographic metadata pending) | J97: E/C27 item | K97: 396 | L97: 396 | M97: 396
A98: OTHERS | B98: All other economies (fallback profile) | C98: DCDC | D98: DCDC (direct current-direct current converter) | E98: 0.004 | F98: E | G98: C26/C27 item split | H98: LEGACY_C | I98: User-supplied BOM figure (15 labelled items; bibliographic metadata pending) | J98: E/C27 item | K98: 396 | L98: 396 | M98: 396
A99: OTHERS | B99: All other economies (fallback profile) | C99: PDU | D99: PDU (high-voltage distribution box) | E99: 0.007 | F99: E | G99: C26/C27 item split | H99: LEGACY_C | I99: User-supplied BOM figure (15 labelled items; bibliographic metadata pending) | J99: E/C27 item | K99: 396 | L99: 396 | M99: 396
A100: OTHERS | B100: All other economies (fallback profile) | C100: BMS | D100: BMS | E100: 0.011 | F100: E | G100: C26/C27 item split | H100: LEGACY_C | I100: User-supplied BOM figure (15 labelled items; bibliographic metadata pending) | J100: E/C26 item | K100: 396 | L100: 396 | M100: 396
...

Sheet BOM_scenarios
A1: scenario | B1: country_code | C1: country_name | D1: item_count | E1: invalid_share_count | F1: b_T | G1: b_M | H1: b_E | I1: b_I | J1: b_EE | K1: b_HV | L1: b_shared | M1: composition_sum | N1: e_c26_bom_share | O1: e_c27_bom_share | P1: e_c26_weight | Q1: e_c27_weight | R1: e_weight_sum | S1: qa_status | T1: description
A2: BASE_FIGURE_ICIO | B2: CHN | C2: China | D2: =COUNTIF(BOM_raw!$A$2:$A$1001,B2) -> 15 | E2: =COUNTIFS(BOM_raw!$A$2:$A$1001,B2,BOM_raw!$E$2:$E$1001,"<0")+COUNTIFS(BOM_raw!$A$2:$A$1001,B2,BOM_raw!$E$2:$E$1001,">1") -> 0 | F2: =SUMIFS(BOM_raw!$E$2:$E$1001,BOM_raw!$A$2:$A$1001,$B2,BOM_raw!$F$2:$F$1001,"T") -> 0.2605 | G2: =SUMIFS(BOM_raw!$E$2:$E$1001,BOM_raw!$A$2:$A$1001,$B2,BOM_raw!$F$2:$F$1001,"M") -> 0.036 | H2: =SUMIFS(BOM_raw!$E$2:$E$1001,BOM_raw!$A$2:$A$1001,$B2,BOM_raw!$F$2:$F$1001,"E") -> 0.053 | I2: =SUMIFS(BOM_raw!$E$2:$E$1001,BOM_raw!$A$2:$A$1001,$B2,BOM_raw!$F$2:$F$1001,"I") -> 0.059 | J2: =SUMIFS(BOM_raw!$E$2:$E$1001,BOM_raw!$A$2:$A$1001,$B2,BOM_raw!$F$2:$F$1001,"EE") -> 0.103 | K2: =SUMIFS(BOM_raw!$E$2:$E$1001,BOM_raw!$A$2:$A$1001,$B2,BOM_raw!$F$2:$F$1001,"HV") -> 0.01 | L2: =SUMIFS(BOM_raw!$E$2:$E$1001,BOM_raw!$A$2:$A$1001,$B2,BOM_raw!$F$2:$F$1001,"SHARED") -> 0.4785 | M2: =SUM(F2:L2) -> 1 | N2: =SUMIFS(BOM_raw!$E$2:$E$1001,BOM_raw!$A$2:$A$1001,$B2,BOM_raw!$C$2:$C$1001,"BMS")+SUMIFS(BOM_raw!$E$2:$E$1001,BOM_raw!$A$2:$A$1001,$B2,BOM_raw!$C$2:$C$1001,"VCU") -> 0.013 | O2: =SUMIFS(BOM_raw!$E$2:$E$1001,BOM_raw!$A$2:$A$1001,$B2,BOM_raw!$C$2:$C$1001,"MCU")+SUMIFS(BOM_raw!$E$2:$E$1001,BOM_raw!$A$2:$A$1001,$B2,BOM_raw!$C$2:$C$1001,"OBC")+SUMIFS(BOM_raw!$E$2:$E$1001,BOM_raw!$A$2:$A$1001,$B2,BOM_raw!$C$2:$C$1001,"DCDC")+SUMIFS(BOM_raw!$E$2:$E$1001,BOM_raw!$A$2:$A$1001,$B2,BOM_raw!$C$2:$C$1001,"PDU") -> 0.04 | P2: =IF(H2=0,0,N2/H2) -> 0.24528302 | Q2: =IF(H2=0,0,O2/H2) -> 0.75471698 | R2: =P2+Q2 -> 1 | S2: =IF(AND(D2=15,E2=0,ABS(M2-1)<0.0000001,ABS(N2+O2-H2)<0.0000001,ABS(R2-1)<0.0000001),"PASS","FAIL") -> PASS | T2: CHN profile; formula-derived from BOM_raw. Exact ISO3 match takes priority; otherwise the R model uses OTHERS.
A3: BASE_FIGURE_ICIO | B3: DEU | C3: Germany | D3: =COUNTIF(BOM_raw!$A$2:$A$1001,B3) -> 15 | E3: =COUNTIFS(BOM_raw!$A$2:$A$1001,B3,BOM_raw!$E$2:$E$1001,"<0")+COUNTIFS(BOM_raw!$A$2:$A$1001,B3,BOM_raw!$E$2:$E$1001,">1") -> 0 | F3: =SUMIFS(BOM_raw!$E$2:$E$1001,BOM_raw!$A$2:$A$1001,$B3,BOM_raw!$F$2:$F$1001,"T") -> 0.2976 | G3: =SUMIFS(BOM_raw!$E$2:$E$1001,BOM_raw!$A$2:$A$1001,$B3,BOM_raw!$F$2:$F$1001,"M") -> 0.036 | H3: =SUMIFS(BOM_raw!$E$2:$E$1001,BOM_raw!$A$2:$A$1001,$B3,BOM_raw!$F$2:$F$1001,"E") -> 0.053 | I3: =SUMIFS(BOM_raw!$E$2:$E$1001,BOM_raw!$A$2:$A$1001,$B3,BOM_raw!$F$2:$F$1001,"I") -> 0.059 | J3: =SUMIFS(BOM_raw!$E$2:$E$1001,BOM_raw!$A$2:$A$1001,$B3,BOM_raw!$F$2:$F$1001,"EE") -> 0.103 | K3: =SUMIFS(BOM_raw!$E$2:$E$1001,BOM_raw!$A$2:$A$1001,$B3,BOM_raw!$F$2:$F$1001,"HV") -> 0.01 | L3: =SUMIFS(BOM_raw!$E$2:$E$1001,BOM_raw!$A$2:$A$1001,$B3,BOM_raw!$F$2:$F$1001,"SHARED") -> 0.4414 | M3: =SUM(F3:L3) -> 1 | N3: =SUMIFS(BOM_raw!$E$2:$E$1001,BOM_raw!$A$2:$A$1001,$B3,BOM_raw!$C$2:$C$1001,"BMS")+SUMIFS(BOM_raw!$E$2:$E$1001,BOM_raw!$A$2:$A$1001,$B3,BOM_raw!$C$2:$C$1001,"VCU") -> 0.013 | O3: =SUMIFS(BOM_raw!$E$2:$E$1001,BOM_raw!$A$2:$A$1001,$B3,BOM_raw!$C$2:$C$1001,"MCU")+SUMIFS(BOM_raw!$E$2:$E$1001,BOM_raw!$A$2:$A$1001,$B3,BOM_raw!$C$2:$C$1001,"OBC")+SUMIFS(BOM_raw!$E$2:$E$1001,BOM_raw!$A$2:$A$1001,$B3,BOM_raw!$C$2:$C$1001,"DCDC")+SUMIFS(BOM_raw!$E$2:$E$1001,BOM_raw!$A$2:$A$1001,$B3,BOM_raw!$C$2:$C$1001,"PDU") -> 0.04 | P3: =IF(H3=0,0,N3/H3) -> 0.24528302 | Q3: =IF(H3=0,0,O3/H3) -> 0.75471698 | R3: =P3+Q3 -> 1 | S3: =IF(AND(D3=15,E3=0,ABS(M3-1)<0.0000001,ABS(N3+O3-H3)<0.0000001,ABS(R3-1)<0.0000001),"PASS","FAIL") -> PASS | T3: DEU profile; formula-derived from BOM_raw. Exact ISO3 match takes priority; otherwise the R model uses OTHERS.
A4: BASE_FIGURE_ICIO | B4: JPN | C4: Japan | D4: =COUNTIF(BOM_raw!$A$2:$A$1001,B4) -> 15 | E4: =COUNTIFS(BOM_raw!$A$2:$A$1001,B4,BOM_raw!$E$2:$E$1001,"<0")+COUNTIFS(BOM_raw!$A$2:$A$1001,B4,BOM_raw!$E$2:$E$1001,">1") -> 0 | F4: =SUMIFS(BOM_raw!$E$2:$E$1001,BOM_raw!$A$2:$A$1001,$B4,BOM_raw!$F$2:$F$1001,"T") -> 0.23335 | G4: =SUMIFS(BOM_raw!$E$2:$E$1001,BOM_raw!$A$2:$A$1001,$B4,BOM_raw!$F$2:$F$1001,"M") -> 0.036 | H4: =SUMIFS(BOM_raw!$E$2:$E$1001,BOM_raw!$A$2:$A$1001,$B4,BOM_raw!$F$2:$F$1001,"E") -> 0.053 | I4: =SUMIFS(BOM_raw!$E$2:$E$1001,BOM_raw!$A$2:$A$1001,$B4,BOM_raw!$F$2:$F$1001,"I") -> 0.059 | J4: =SUMIFS(BOM_raw!$E$2:$E$1001,BOM_raw!$A$2:$A$1001,$B4,BOM_raw!$F$2:$F$1001,"EE") -> 0.103 | K4: =SUMIFS(BOM_raw!$E$2:$E$1001,BOM_raw!$A$2:$A$1001,$B4,BOM_raw!$F$2:$F$1001,"HV") -> 0.01 | L4: =SUMIFS(BOM_raw!$E$2:$E$1001,BOM_raw!$A$2:$A$1001,$B4,BOM_raw!$F$2:$F$1001,"SHARED") -> 0.50565 | M4: =SUM(F4:L4) -> 1 | N4: =SUMIFS(BOM_raw!$E$2:$E$1001,BOM_raw!$A$2:$A$1001,$B4,BOM_raw!$C$2:$C$1001,"BMS")+SUMIFS(BOM_raw!$E$2:$E$1001,BOM_raw!$A$2:$A$1001,$B4,BOM_raw!$C$2:$C$1001,"VCU") -> 0.013 | O4: =SUMIFS(BOM_raw!$E$2:$E$1001,BOM_raw!$A$2:$A$1001,$B4,BOM_raw!$C$2:$C$1001,"MCU")+SUMIFS(BOM_raw!$E$2:$E$1001,BOM_raw!$A$2:$A$1001,$B4,BOM_raw!$C$2:$C$1001,"OBC")+SUMIFS(BOM_raw!$E$2:$E$1001,BOM_raw!$A$2:$A$1001,$B4,BOM_raw!$C$2:$C$1001,"DCDC")+SUMIFS(BOM_raw!$E$2:$E$1001,BOM_raw!$A$2:$A$1001,$B4,BOM_raw!$C$2:$C$1001,"PDU") -> 0.04 | P4: =IF(H4=0,0,N4/H4) -> 0.24528302 | Q4: =IF(H4=0,0,O4/H4) -> 0.75471698 | R4: =P4+Q4 -> 1 | S4: =IF(AND(D4=15,E4=0,ABS(M4-1)<0.0000001,ABS(N4+O4-H4)<0.0000001,ABS(R4-1)<0.0000001),"PASS","FAIL") -> PASS | T4: JPN profile; formula-derived from BOM_raw. Exact ISO3 match takes priority; otherwise the R model uses OTHERS.
A5: BASE_FIGURE_ICIO | B5: KOR | C5: South Korea | D5: =COUNTIF(BOM_raw!$A$2:$A$1001,B5) -> 15 | E5: =COUNTIFS(BOM_raw!$A$2:$A$1001,B5,BOM_raw!$E$2:$E$1001,"<0")+COUNTIFS(BOM_raw!$A$2:$A$1001,B5,BOM_raw!$E$2:$E$1001,">1") -> 0 | F5: =SUMIFS(BOM_raw!$E$2:$E$1001,BOM_raw!$A$2:$A$1001,$B5,BOM_raw!$F$2:$F$1001,"T") -> 0.3316 | G5: =SUMIFS(BOM_raw!$E$2:$E$1001,BOM_raw!$A$2:$A$1001,$B5,BOM_raw!$F$2:$F$1001,"M") -> 0.036 | H5: =SUMIFS(BOM_raw!$E$2:$E$1001,BOM_raw!$A$2:$A$1001,$B5,BOM_raw!$F$2:$F$1001,"E") -> 0.053 | I5: =SUMIFS(BOM_raw!$E$2:$E$1001,BOM_raw!$A$2:$A$1001,$B5,BOM_raw!$F$2:$F$1001,"I") -> 0.059 | J5: =SUMIFS(BOM_raw!$E$2:$E$1001,BOM_raw!$A$2:$A$1001,$B5,BOM_raw!$F$2:$F$1001,"EE") -> 0.103 | K5: =SUMIFS(BOM_raw!$E$2:$E$1001,BOM_raw!$A$2:$A$1001,$B5,BOM_raw!$F$2:$F$1001,"HV") -> 0.01 | L5: =SUMIFS(BOM_raw!$E$2:$E$1001,BOM_raw!$A$2:$A$1001,$B5,BOM_raw!$F$2:$F$1001,"SHARED") -> 0.4074 | M5: =SUM(F5:L5) -> 1 | N5: =SUMIFS(BOM_raw!$E$2:$E$1001,BOM_raw!$A$2:$A$1001,$B5,BOM_raw!$C$2:$C$1001,"BMS")+SUMIFS(BOM_raw!$E$2:$E$1001,BOM_raw!$A$2:$A$1001,$B5,BOM_raw!$C$2:$C$1001,"VCU") -> 0.013 | O5: =SUMIFS(BOM_raw!$E$2:$E$1001,BOM_raw!$A$2:$A$1001,$B5,BOM_raw!$C$2:$C$1001,"MCU")+SUMIFS(BOM_raw!$E$2:$E$1001,BOM_raw!$A$2:$A$1001,$B5,BOM_raw!$C$2:$C$1001,"OBC")+SUMIFS(BOM_raw!$E$2:$E$1001,BOM_raw!$A$2:$A$1001,$B5,BOM_raw!$C$2:$C$1001,"DCDC")+SUMIFS(BOM_raw!$E$2:$E$1001,BOM_raw!$A$2:$A$1001,$B5,BOM_raw!$C$2:$C$1001,"PDU") -> 0.04 | P5: =IF(H5=0,0,N5/H5) -> 0.24528302 | Q5: =IF(H5=0,0,O5/H5) -> 0.75471698 | R5: =P5+Q5 -> 1 | S5: =IF(AND(D5=15,E5=0,ABS(M5-1)<0.0000001,ABS(N5+O5-H5)<0.0000001,ABS(R5-1)<0.0000001),"PASS","FAIL") -> PASS | T5: KOR profile; formula-derived from BOM_raw. Exact ISO3 match takes priority; otherwise the R model uses OTHERS.
A6: BASE_FIGURE_ICIO | B6: MEX | C6: Mexico | D6: =COUNTIF(BOM_raw!$A$2:$A$1001,B6) -> 15 | E6: =COUNTIFS(BOM_raw!$A$2:$A$1001,B6,BOM_raw!$E$2:$E$1001,"<0")+COUNTIFS(BOM_raw!$A$2:$A$1001,B6,BOM_raw!$E$2:$E$1001,">1") -> 0 | F6: =SUMIFS(BOM_raw!$E$2:$E$1001,BOM_raw!$A$2:$A$1001,$B6,BOM_raw!$F$2:$F$1001,"T") -> 0.2969 | G6: =SUMIFS(BOM_raw!$E$2:$E$1001,BOM_raw!$A$2:$A$1001,$B6,BOM_raw!$F$2:$F$1001,"M") -> 0.036 | H6: =SUMIFS(BOM_raw!$E$2:$E$1001,BOM_raw!$A$2:$A$1001,$B6,BOM_raw!$F$2:$F$1001,"E") -> 0.053 | I6: =SUMIFS(BOM_raw!$E$2:$E$1001,BOM_raw!$A$2:$A$1001,$B6,BOM_raw!$F$2:$F$1001,"I") -> 0.059 | J6: =SUMIFS(BOM_raw!$E$2:$E$1001,BOM_raw!$A$2:$A$1001,$B6,BOM_raw!$F$2:$F$1001,"EE") -> 0.103 | K6: =SUMIFS(BOM_raw!$E$2:$E$1001,BOM_raw!$A$2:$A$1001,$B6,BOM_raw!$F$2:$F$1001,"HV") -> 0.01 | L6: =SUMIFS(BOM_raw!$E$2:$E$1001,BOM_raw!$A$2:$A$1001,$B6,BOM_raw!$F$2:$F$1001,"SHARED") -> 0.4421 | M6: =SUM(F6:L6) -> 1 | N6: =SUMIFS(BOM_raw!$E$2:$E$1001,BOM_raw!$A$2:$A$1001,$B6,BOM_raw!$C$2:$C$1001,"BMS")+SUMIFS(BOM_raw!$E$2:$E$1001,BOM_raw!$A$2:$A$1001,$B6,BOM_raw!$C$2:$C$1001,"VCU") -> 0.013 | O6: =SUMIFS(BOM_raw!$E$2:$E$1001,BOM_raw!$A$2:$A$1001,$B6,BOM_raw!$C$2:$C$1001,"MCU")+SUMIFS(BOM_raw!$E$2:$E$1001,BOM_raw!$A$2:$A$1001,$B6,BOM_raw!$C$2:$C$1001,"OBC")+SUMIFS(BOM_raw!$E$2:$E$1001,BOM_raw!$A$2:$A$1001,$B6,BOM_raw!$C$2:$C$1001,"DCDC")+SUMIFS(BOM_raw!$E$2:$E$1001,BOM_raw!$A$2:$A$1001,$B6,BOM_raw!$C$2:$C$1001,"PDU") -> 0.04 | P6: =IF(H6=0,0,N6/H6) -> 0.24528302 | Q6: =IF(H6=0,0,O6/H6) -> 0.75471698 | R6: =P6+Q6 -> 1 | S6: =IF(AND(D6=15,E6=0,ABS(M6-1)<0.0000001,ABS(N6+O6-H6)<0.0000001,ABS(R6-1)<0.0000001),"PASS","FAIL") -> PASS | T6: MEX profile; formula-derived from BOM_raw. Exact ISO3 match takes priority; otherwise the R model uses OTHERS.
A7: BASE_FIGURE_ICIO | B7: USA | C7: United States | D7: =COUNTIF(BOM_raw!$A$2:$A$1001,B7) -> 15 | E7: =COUNTIFS(BOM_raw!$A$2:$A$1001,B7,BOM_raw!$E$2:$E$1001,"<0")+COUNTIFS(BOM_raw!$A$2:$A$1001,B7,BOM_raw!$E$2:$E$1001,">1") -> 0 | F7: =SUMIFS(BOM_raw!$E$2:$E$1001,BOM_raw!$A$2:$A$1001,$B7,BOM_raw!$F$2:$F$1001,"T") -> 0.3075 | G7: =SUMIFS(BOM_raw!$E$2:$E$1001,BOM_raw!$A$2:$A$1001,$B7,BOM_raw!$F$2:$F$1001,"M") -> 0.036 | H7: =SUMIFS(BOM_raw!$E$2:$E$1001,BOM_raw!$A$2:$A$1001,$B7,BOM_raw!$F$2:$F$1001,"E") -> 0.053 | I7: =SUMIFS(BOM_raw!$E$2:$E$1001,BOM_raw!$A$2:$A$1001,$B7,BOM_raw!$F$2:$F$1001,"I") -> 0.059 | J7: =SUMIFS(BOM_raw!$E$2:$E$1001,BOM_raw!$A$2:$A$1001,$B7,BOM_raw!$F$2:$F$1001,"EE") -> 0.103 | K7: =SUMIFS(BOM_raw!$E$2:$E$1001,BOM_raw!$A$2:$A$1001,$B7,BOM_raw!$F$2:$F$1001,"HV") -> 0.01 | L7: =SUMIFS(BOM_raw!$E$2:$E$1001,BOM_raw!$A$2:$A$1001,$B7,BOM_raw!$F$2:$F$1001,"SHARED") -> 0.4315 | M7: =SUM(F7:L7) -> 1 | N7: =SUMIFS(BOM_raw!$E$2:$E$1001,BOM_raw!$A$2:$A$1001,$B7,BOM_raw!$C$2:$C$1001,"BMS")+SUMIFS(BOM_raw!$E$2:$E$1001,BOM_raw!$A$2:$A$1001,$B7,BOM_raw!$C$2:$C$1001,"VCU") -> 0.013 | O7: =SUMIFS(BOM_raw!$E$2:$E$1001,BOM_raw!$A$2:$A$1001,$B7,BOM_raw!$C$2:$C$1001,"MCU")+SUMIFS(BOM_raw!$E$2:$E$1001,BOM_raw!$A$2:$A$1001,$B7,BOM_raw!$C$2:$C$1001,"OBC")+SUMIFS(BOM_raw!$E$2:$E$1001,BOM_raw!$A$2:$A$1001,$B7,BOM_raw!$C$2:$C$1001,"DCDC")+SUMIFS(BOM_raw!$E$2:$E$1001,BOM_raw!$A$2:$A$1001,$B7,BOM_raw!$C$2:$C$1001,"PDU") -> 0.04 | P7: =IF(H7=0,0,N7/H7) -> 0.24528302 | Q7: =IF(H7=0,0,O7/H7) -> 0.75471698 | R7: =P7+Q7 -> 1 | S7: =IF(AND(D7=15,E7=0,ABS(M7-1)<0.0000001,ABS(N7+O7-H7)<0.0000001,ABS(R7-1)<0.0000001),"PASS","FAIL") -> PASS | T7: USA profile; formula-derived from BOM_raw. Exact ISO3 match takes priority; otherwise the R model uses OTHERS.
A8: BASE_FIGURE_ICIO | B8: OTHERS | C8: All other economies (fallback profile) | D8: =COUNTIF(BOM_raw!$A$2:$A$1001,B8) -> 15 | E8: =COUNTIFS(BOM_raw!$A$2:$A$1001,B8,BOM_raw!$E$2:$E$1001,"<0")+COUNTIFS(BOM_raw!$A$2:$A$1001,B8,BOM_raw!$E$2:$E$1001,">1") -> 0 | F8: =SUMIFS(BOM_raw!$E$2:$E$1001,BOM_raw!$A$2:$A$1001,$B8,BOM_raw!$F$2:$F$1001,"T") -> 0.29 | G8: =SUMIFS(BOM_raw!$E$2:$E$1001,BOM_raw!$A$2:$A$1001,$B8,BOM_raw!$F$2:$F$1001,"M") -> 0.036 | H8: =SUMIFS(BOM_raw!$E$2:$E$1001,BOM_raw!$A$2:$A$1001,$B8,BOM_raw!$F$2:$F$1001,"E") -> 0.053 | I8: =SUMIFS(BOM_raw!$E$2:$E$1001,BOM_raw!$A$2:$A$1001,$B8,BOM_raw!$F$2:$F$1001,"I") -> 0.059 | J8: =SUMIFS(BOM_raw!$E$2:$E$1001,BOM_raw!$A$2:$A$1001,$B8,BOM_raw!$F$2:$F$1001,"EE") -> 0.103 | K8: =SUMIFS(BOM_raw!$E$2:$E$1001,BOM_raw!$A$2:$A$1001,$B8,BOM_raw!$F$2:$F$1001,"HV") -> 0.01 | L8: =SUMIFS(BOM_raw!$E$2:$E$1001,BOM_raw!$A$2:$A$1001,$B8,BOM_raw!$F$2:$F$1001,"SHARED") -> 0.449 | M8: =SUM(F8:L8) -> 1 | N8: =SUMIFS(BOM_raw!$E$2:$E$1001,BOM_raw!$A$2:$A$1001,$B8,BOM_raw!$C$2:$C$1001,"BMS")+SUMIFS(BOM_raw!$E$2:$E$1001,BOM_raw!$A$2:$A$1001,$B8,BOM_raw!$C$2:$C$1001,"VCU") -> 0.013 | O8: =SUMIFS(BOM_raw!$E$2:$E$1001,BOM_raw!$A$2:$A$1001,$B8,BOM_raw!$C$2:$C$1001,"MCU")+SUMIFS(BOM_raw!$E$2:$E$1001,BOM_raw!$A$2:$A$1001,$B8,BOM_raw!$C$2:$C$1001,"OBC")+SUMIFS(BOM_raw!$E$2:$E$1001,BOM_raw!$A$2:$A$1001,$B8,BOM_raw!$C$2:$C$1001,"DCDC")+SUMIFS(BOM_raw!$E$2:$E$1001,BOM_raw!$A$2:$A$1001,$B8,BOM_raw!$C$2:$C$1001,"PDU") -> 0.04 | P8: =IF(H8=0,0,N8/H8) -> 0.24528302 | Q8: =IF(H8=0,0,O8/H8) -> 0.75471698 | R8: =P8+Q8 -> 1 | S8: =IF(AND(D8=15,E8=0,ABS(M8-1)<0.0000001,ABS(N8+O8-H8)<0.0000001,ABS(R8-1)<0.0000001),"PASS","FAIL") -> PASS | T8: OTHERS profile; formula-derived from BOM_raw. Exact ISO3 match takes priority; otherwise the R model uses OTHERS.

Sheet Sector_mapping
A1: Mapping ID | B1: System | C1: ICIO45 sector(s) | D1: Allocation weight | E1: Allocation mode | F1: Origin rule | G1: Basis
A2: BASE_FIGURE_ICIO | B2: T | C2: C27 | D2: 1 | E2: STATIC | F2: LEGACY_T | G2: Battery pack; foreign origins use the retained battery proxy.
A3: BASE_FIGURE_ICIO | B3: M | C3: C27 | D3: 1 | E3: STATIC | F3: LEGACY_M | G3: Drive motor and reducer; foreign origins use the retained motor proxy.
A4: BASE_FIGURE_ICIO | B4: E | C4: C26 | D4: BOM_raw-derived | E4: COUNTRY_BOM | F4: LEGACY_C | G4: Country-specific BMS + VCU share within E.
A5: BASE_FIGURE_ICIO | B5: E | C5: C27 | D5: BOM_raw-derived | E5: COUNTRY_BOM | F5: LEGACY_C | G5: Country-specific MCU + OBC + DCDC + PDU share within E.
A6: BASE_FIGURE_ICIO | B6: I | C6: C26 | D6: 1 | E6: ORIGINAL_A | F6: ORIGINAL_A | G6: C26 slice of the original destination-country C29 input column.
A7: BASE_FIGURE_ICIO | B7: EE | C7: C26|C27|C29 | D7: 1 | E7: ORIGINAL_A | F7: ORIGINAL_A | G7: C26/C27/C29 slices of the original C29 input column.
A8: BASE_FIGURE_ICIO | B8: HV | C8: C29 | D8: 1 | E8: ORIGINAL_A | F8: ORIGINAL_A | G8: C29 slice of the original destination-country C29 input column.
A9: BASE_FIGURE_ICIO | B9: SHARED | C9: ALL | D9: 1 | E9: ORIGINAL_A | F9: ORIGINAL_A | G9: Full original destination-country C29 input column.

Sheet ICIO_intensity
A1: ISO3 | B1: Active C29 | C1: C29 output | D1: Intermediate inputs | E1: u_intermediate | F1: TLS share | G1: VA share | H1: Primary input share (1-u) | I1: ICIO balance | J1: Source/formula | K1: FV VA share
A2: ARG | B2: TRUE | C2: 26022.443 | D2: 18523.66 | E2: 0.711834 | F2: 0.040430305 | G2: 0.28489573 | H2: 0.288166 | I2: 0.99999972 | J2: 2022_SML.csv; u=inputs/OUT; TLS=raw TLS/OUT; VA=1.17*(raw VA/OUT); balance uses raw ICIO shares | K2: 0.24773542
A3: AUS | B3: TRUE | C3: 10356.149 | D3: 6711.6235 | E3: 0.64808101 | F3: 0.0098373343 | G3: 0.39339298 | H3: 0.35191899 | I3: 0.9999992 | J3: 2022_SML.csv; u=inputs/OUT; TLS=raw TLS/OUT; VA=1.17*(raw VA/OUT); balance uses raw ICIO shares | K3: 0.34208085
A4: AUT | B4: TRUE | C4: 18867.448 | D4: 13726.463 | E4: 0.72752092 | F4: 0.032032016 | G4: 0.27651396 | H4: 0.27247908 | I4: 0.99999986 | J4: 2022_SML.csv; u=inputs/OUT; TLS=raw TLS/OUT; VA=1.17*(raw VA/OUT); balance uses raw ICIO shares | K4: 0.24044692
A5: BEL | B5: TRUE | C5: 17076.613 | D5: 13850.972 | E5: 0.81110764 | F5: 0.048382169 | G5: 0.16158645 | H5: 0.18889236 | I5: 0.99999976 | J5: 2022_SML.csv; u=inputs/OUT; TLS=raw TLS/OUT; VA=1.17*(raw VA/OUT); balance uses raw ICIO shares | K5: 0.14050996
A6: BGD | B6: TRUE | C6: 237.1202 | D6: 154.3647 | E6: 0.65099768 | F6: 0.0176012 | G6: 0.38107346 | H6: 0.34900232 | I6: 0.99996711 | J6: 2022_SML.csv; u=inputs/OUT; TLS=raw TLS/OUT; VA=1.17*(raw VA/OUT); balance uses raw ICIO shares | K6: 0.33136823
A7: BGR | B7: TRUE | C7: 2326.7253 | D7: 1808.9522 | E7: 0.77746703 | F7: 0.031275286 | G7: 0.21994268 | H7: 0.22253297 | I7: 0.99999682 | J7: 2022_SML.csv; u=inputs/OUT; TLS=raw TLS/OUT; VA=1.17*(raw VA/OUT); balance uses raw ICIO shares | K7: 0.19125451
A8: BLR | B8: TRUE | C8: 3008.9881 | D8: 1734.2624 | E8: 0.57636067 | F8: 0.030855622 | G8: 0.45169859 | H8: 0.42363933 | I8: 0.99999767 | J8: 2022_SML.csv; u=inputs/OUT; TLS=raw TLS/OUT; VA=1.17*(raw VA/OUT); balance uses raw ICIO shares | K8: 0.39278138
A9: BRA | B9: TRUE | C9: 80446.521 | D9: 65304.367 | E9: 0.81177367 | F9: 0.043983444 | G9: 0.16587923 | H9: 0.18822633 | I9: 0.99999992 | J9: 2022_SML.csv; u=inputs/OUT; TLS=raw TLS/OUT; VA=1.17*(raw VA/OUT); balance uses raw ICIO shares | K9: 0.14424281
A10: BRN | B10: FALSE | C10: 0 | D10: 0 | E10: 0 | F10: 0 | G10: 0 | H10: 0 | I10: 0 | J10: 2022_SML.csv; u=inputs/OUT; TLS=raw TLS/OUT; VA=1.17*(raw VA/OUT); balance uses raw ICIO shares | K10: 0
A11: CAN | B11: TRUE | C11: 58839.515 | D11: 46596.765 | E11: 0.7919298 | F11: 0.028941943 | G11: 0.20599735 | H11: 0.2080702 | I11: 0.99999987 | J11: 2022_SML.csv; u=inputs/OUT; TLS=raw TLS/OUT; VA=1.17*(raw VA/OUT); balance uses raw ICIO shares | K11: 0.17912813
A12: CHE | B12: TRUE | C12: 1971.0051 | D12: 1314.2006 | E12: 0.66676672 | F12: 0.023638701 | G12: 0.35603009 | H12: 0.33323328 | I12: 0.9999968 | J12: 2022_SML.csv; u=inputs/OUT; TLS=raw TLS/OUT; VA=1.17*(raw VA/OUT); balance uses raw ICIO shares | K12: 0.30959139
A13: CHL | B13: FALSE | C13: 0 | D13: 0 | E13: 0 | F13: 0 | G13: 0 | H13: 0 | I13: 0 | J13: 2022_SML.csv; u=inputs/OUT; TLS=raw TLS/OUT; VA=1.17*(raw VA/OUT); balance uses raw ICIO shares | K13: 0
... A78: ROW | B78: TRUE | C78: 85511.034 | D78: 56691.416 | E78: 0.66297193 | F78: 0.031428801 | G78: 0.35143873 | H78: 0.33702807 | I78: 0.99999963 | J78: 2022_SML.csv; u=inputs/OUT; TLS=raw TLS/OUT; VA=1.17*(raw VA/OUT); balance uses raw ICIO shares | K78: 0.30559889

Sheet Beta_derived
A1: scenario | B1: ISO3 | C1: bom_profile_used | D1: profile_match_status | E1: Active C29 | F1: intermediate_input_share | G1: Value-added and TLS share (1-u) | H1: b_T | I1: b_M | J1: b_E | K1: b_I | L1: b_EE | M1: b_HV | N1: b_shared | O1: composition_sum | P1: BOM budget rho | Q1: beta_T | R1: beta_M | S1: beta_E | T1: beta_I | U1: beta_EE | V1: beta_HV | W1: beta_shared | X1: beta_sum | Y1: intermediate_balance | Z1: full_column_balance | AA1: QA status | AB1: Source
A2: ="BASE_FIGURE_ICIO" -> BASE_FIGURE_ICIO | B2: =ICIO_intensity!A2 -> ARG | C2: =IF(COUNTIF(BOM_raw!$A$2:$A$1001,B2)>0,B2,"OTHERS") -> OTHERS | D2: =IF(C2=B2,"EXACT","OTHERS_FALLBACK") -> OTHERS_FALLBACK | E2: =ICIO_intensity!B2 -> TRUE | F2: =ICIO_intensity!E2 -> 0.711834 | G2: =ICIO_intensity!H2 -> 0.288166 | H2: =SUMIFS(BOM_raw!$E$2:$E$1001,BOM_raw!$A$2:$A$1001,$C2,BOM_raw!$F$2:$F$1001,"T") -> 0.29 | I2: =SUMIFS(BOM_raw!$E$2:$E$1001,BOM_raw!$A$2:$A$1001,$C2,BOM_raw!$F$2:$F$1001,"M") -> 0.036 | J2: =SUMIFS(BOM_raw!$E$2:$E$1001,BOM_raw!$A$2:$A$1001,$C2,BOM_raw!$F$2:$F$1001,"E") -> 0.053 | K2: =SUMIFS(BOM_raw!$E$2:$E$1001,BOM_raw!$A$2:$A$1001,$C2,BOM_raw!$F$2:$F$1001,"I") -> 0.059 | L2: =SUMIFS(BOM_raw!$E$2:$E$1001,BOM_raw!$A$2:$A$1001,$C2,BOM_raw!$F$2:$F$1001,"EE") -> 0.103 | M2: =SUMIFS(BOM_raw!$E$2:$E$1001,BOM_raw!$A$2:$A$1001,$C2,BOM_raw!$F$2:$F$1001,"HV") -> 0.01 | N2: =SUMIFS(BOM_raw!$E$2:$E$1001,BOM_raw!$A$2:$A$1001,$C2,BOM_raw!$F$2:$F$1001,"SHARED") -> 0.449 | O2: =SUM(H2:N2) -> 1 | P2: =IF(E2,F2,0) -> 0.711834 | Q2: =P2*H2 -> 0.20643186 | R2: =P2*I2 -> 0.025626024 | S2: =P2*J2 -> 0.037727202 | T2: =P2*K2 -> 0.041998206 | U2: =P2*L2 -> 0.073318902 | V2: =P2*M2 -> 0.00711834 | W2: =P2*N2 -> 0.31961347 | X2: =SUM(Q2:W2) -> 0.711834 | Y2: =X2-F2 -> 0 | Z2: =X2+G2 -> 1 | AA2: =IF(E2,IF(AND(ABS(O2-1)<0.0000001,ABS(Y2)<0.0000001,ABS(Z2-1)<0.0000001),"PASS","FAIL"),"INACTIVE") -> PASS | AB2: BOM_raw + ICIO_intensity; exact ISO3 or OTHERS fallback
A3: ="BASE_FIGURE_ICIO" -> BASE_FIGURE_ICIO | B3: =ICIO_intensity!A3 -> AUS | C3: =IF(COUNTIF(BOM_raw!$A$2:$A$1001,B3)>0,B3,"OTHERS") -> OTHERS | D3: =IF(C3=B3,"EXACT","OTHERS_FALLBACK") -> OTHERS_FALLBACK | E3: =ICIO_intensity!B3 -> TRUE | F3: =ICIO_intensity!E3 -> 0.64808101 | G3: =ICIO_intensity!H3 -> 0.35191899 | H3: =SUMIFS(BOM_raw!$E$2:$E$1001,BOM_raw!$A$2:$A$1001,$C3,BOM_raw!$F$2:$F$1001,"T") -> 0.29 | I3: =SUMIFS(BOM_raw!$E$2:$E$1001,BOM_raw!$A$2:$A$1001,$C3,BOM_raw!$F$2:$F$1001,"M") -> 0.036 | J3: =SUMIFS(BOM_raw!$E$2:$E$1001,BOM_raw!$A$2:$A$1001,$C3,BOM_raw!$F$2:$F$1001,"E") -> 0.053 | K3: =SUMIFS(BOM_raw!$E$2:$E$1001,BOM_raw!$A$2:$A$1001,$C3,BOM_raw!$F$2:$F$1001,"I") -> 0.059 | L3: =SUMIFS(BOM_raw!$E$2:$E$1001,BOM_raw!$A$2:$A$1001,$C3,BOM_raw!$F$2:$F$1001,"EE") -> 0.103 | M3: =SUMIFS(BOM_raw!$E$2:$E$1001,BOM_raw!$A$2:$A$1001,$C3,BOM_raw!$F$2:$F$1001,"HV") -> 0.01 | N3: =SUMIFS(BOM_raw!$E$2:$E$1001,BOM_raw!$A$2:$A$1001,$C3,BOM_raw!$F$2:$F$1001,"SHARED") -> 0.449 | O3: =SUM(H3:N3) -> 1 | P3: =IF(E3,F3,0) -> 0.64808101 | Q3: =P3*H3 -> 0.18794349 | R3: =P3*I3 -> 0.023330916 | S3: =P3*J3 -> 0.034348294 | T3: =P3*K3 -> 0.03823678 | U3: =P3*L3 -> 0.066752344 | V3: =P3*M3 -> 0.0064808101 | W3: =P3*N3 -> 0.29098837 | X3: =SUM(Q3:W3) -> 0.64808101 | Y3: =X3-F3 -> 0 | Z3: =X3+G3 -> 1 | AA3: =IF(E3,IF(AND(ABS(O3-1)<0.0000001,ABS(Y3)<0.0000001,ABS(Z3-1)<0.0000001),"PASS","FAIL"),"INACTIVE") -> PASS | AB3: BOM_raw + ICIO_intensity; exact ISO3 or OTHERS fallback
A4: ="BASE_FIGURE_ICIO" -> BASE_FIGURE_ICIO | B4: =ICIO_intensity!A4 -> AUT | C4: =IF(COUNTIF(BOM_raw!$A$2:$A$1001,B4)>0,B4,"OTHERS") -> OTHERS | D4: =IF(C4=B4,"EXACT","OTHERS_FALLBACK") -> OTHERS_FALLBACK | E4: =ICIO_intensity!B4 -> TRUE | F4: =ICIO_intensity!E4 -> 0.72752092 | G4: =ICIO_intensity!H4 -> 0.27247908 | H4: =SUMIFS(BOM_raw!$E$2:$E$1001,BOM_raw!$A$2:$A$1001,$C4,BOM_raw!$F$2:$F$1001,"T") -> 0.29 | I4: =SUMIFS(BOM_raw!$E$2:$E$1001,BOM_raw!$A$2:$A$1001,$C4,BOM_raw!$F$2:$F$1001,"M") -> 0.036 | J4: =SUMIFS(BOM_raw!$E$2:$E$1001,BOM_raw!$A$2:$A$1001,$C4,BOM_raw!$F$2:$F$1001,"E") -> 0.053 | K4: =SUMIFS(BOM_raw!$E$2:$E$1001,BOM_raw!$A$2:$A$1001,$C4,BOM_raw!$F$2:$F$1001,"I") -> 0.059 | L4: =SUMIFS(BOM_raw!$E$2:$E$1001,BOM_raw!$A$2:$A$1001,$C4,BOM_raw!$F$2:$F$1001,"EE") -> 0.103 | M4: =SUMIFS(BOM_raw!$E$2:$E$1001,BOM_raw!$A$2:$A$1001,$C4,BOM_raw!$F$2:$F$1001,"HV") -> 0.01 | N4: =SUMIFS(BOM_raw!$E$2:$E$1001,BOM_raw!$A$2:$A$1001,$C4,BOM_raw!$F$2:$F$1001,"SHARED") -> 0.449 | O4: =SUM(H4:N4) -> 1 | P4: =IF(E4,F4,0) -> 0.72752092 | Q4: =P4*H4 -> 0.21098107 | R4: =P4*I4 -> 0.026190753 | S4: =P4*J4 -> 0.038558609 | T4: =P4*K4 -> 0.042923734 | U4: =P4*L4 -> 0.074934654 | V4: =P4*M4 -> 0.0072752092 | W4: =P4*N4 -> 0.32665689 | X4: =SUM(Q4:W4) -> 0.72752092 | Y4: =X4-F4 -> 0 | Z4: =X4+G4 -> 1 | AA4: =IF(E4,IF(AND(ABS(O4-1)<0.0000001,ABS(Y4)<0.0000001,ABS(Z4-1)<0.0000001),"PASS","FAIL"),"INACTIVE") -> PASS | AB4: BOM_raw + ICIO_intensity; exact ISO3 or OTHERS fallback
A5: ="BASE_FIGURE_ICIO" -> BASE_FIGURE_ICIO | B5: =ICIO_intensity!A5 -> BEL | C5: =IF(COUNTIF(BOM_raw!$A$2:$A$1001,B5)>0,B5,"OTHERS") -> OTHERS | D5: =IF(C5=B5,"EXACT","OTHERS_FALLBACK") -> OTHERS_FALLBACK | E5: =ICIO_intensity!B5 -> TRUE | F5: =ICIO_intensity!E5 -> 0.81110764 | G5: =ICIO_intensity!H5 -> 0.18889236 | H5: =SUMIFS(BOM_raw!$E$2:$E$1001,BOM_raw!$A$2:$A$1001,$C5,BOM_raw!$F$2:$F$1001,"T") -> 0.29 | I5: =SUMIFS(BOM_raw!$E$2:$E$1001,BOM_raw!$A$2:$A$1001,$C5,BOM_raw!$F$2:$F$1001,"M") -> 0.036 | J5: =SUMIFS(BOM_raw!$E$2:$E$1001,BOM_raw!$A$2:$A$1001,$C5,BOM_raw!$F$2:$F$1001,"E") -> 0.053 | K5: =SUMIFS(BOM_raw!$E$2:$E$1001,BOM_raw!$A$2:$A$1001,$C5,BOM_raw!$F$2:$F$1001,"I") -> 0.059 | L5: =SUMIFS(BOM_raw!$E$2:$E$1001,BOM_raw!$A$2:$A$1001,$C5,BOM_raw!$F$2:$F$1001,"EE") -> 0.103 | M5: =SUMIFS(BOM_raw!$E$2:$E$1001,BOM_raw!$A$2:$A$1001,$C5,BOM_raw!$F$2:$F$1001,"HV") -> 0.01 | N5: =SUMIFS(BOM_raw!$E$2:$E$1001,BOM_raw!$A$2:$A$1001,$C5,BOM_raw!$F$2:$F$1001,"SHARED") -> 0.449 | O5: =SUM(H5:N5) -> 1 | P5: =IF(E5,F5,0) -> 0.81110764 | Q5: =P5*H5 -> 0.23522121 | R5: =P5*I5 -> 0.029199875 | S5: =P5*J5 -> 0.042988705 | T5: =P5*K5 -> 0.047855351 | U5: =P5*L5 -> 0.083544086 | V5: =P5*M5 -> 0.0081110764 | W5: =P5*N5 -> 0.36418733 | X5: =SUM(Q5:W5) -> 0.81110764 | Y5: =X5-F5 -> 0 | Z5: =X5+G5 -> 1 | AA5: =IF(E5,IF(AND(ABS(O5-1)<0.0000001,ABS(Y5)<0.0000001,ABS(Z5-1)<0.0000001),"PASS","FAIL"),"INACTIVE") -> PASS | AB5: BOM_raw + ICIO_intensity; exact ISO3 or OTHERS fallback
A6: ="BASE_FIGURE_ICIO" -> BASE_FIGURE_ICIO | B6: =ICIO_intensity!A6 -> BGD | C6: =IF(COUNTIF(BOM_raw!$A$2:$A$1001,B6)>0,B6,"OTHERS") -> OTHERS | D6: =IF(C6=B6,"EXACT","OTHERS_FALLBACK") -> OTHERS_FALLBACK | E6: =ICIO_intensity!B6 -> TRUE | F6: =ICIO_intensity!E6 -> 0.65099768 | G6: =ICIO_intensity!H6 -> 0.34900232 | H6: =SUMIFS(BOM_raw!$E$2:$E$1001,BOM_raw!$A$2:$A$1001,$C6,BOM_raw!$F$2:$F$1001,"T") -> 0.29 | I6: =SUMIFS(BOM_raw!$E$2:$E$1001,BOM_raw!$A$2:$A$1001,$C6,BOM_raw!$F$2:$F$1001,"M") -> 0.036 | J6: =SUMIFS(BOM_raw!$E$2:$E$1001,BOM_raw!$A$2:$A$1001,$C6,BOM_raw!$F$2:$F$1001,"E") -> 0.053 | K6: =SUMIFS(BOM_raw!$E$2:$E$1001,BOM_raw!$A$2:$A$1001,$C6,BOM_raw!$F$2:$F$1001,"I") -> 0.059 | L6: =SUMIFS(BOM_raw!$E$2:$E$1001,BOM_raw!$A$2:$A$1001,$C6,BOM_raw!$F$2:$F$1001,"EE") -> 0.103 | M6: =SUMIFS(BOM_raw!$E$2:$E$1001,BOM_raw!$A$2:$A$1001,$C6,BOM_raw!$F$2:$F$1001,"HV") -> 0.01 | N6: =SUMIFS(BOM_raw!$E$2:$E$1001,BOM_raw!$A$2:$A$1001,$C6,BOM_raw!$F$2:$F$1001,"SHARED") -> 0.449 | O6: =SUM(H6:N6) -> 1 | P6: =IF(E6,F6,0) -> 0.65099768 | Q6: =P6*H6 -> 0.18878933 | R6: =P6*I6 -> 0.023435916 | S6: =P6*J6 -> 0.034502877 | T6: =P6*K6 -> 0.038408863 | U6: =P6*L6 -> 0.067052761 | V6: =P6*M6 -> 0.0065099768 | W6: =P6*N6 -> 0.29229796 | X6: =SUM(Q6:W6) -> 0.65099768 | Y6: =X6-F6 -> 0 | Z6: =X6+G6 -> 1 | AA6: =IF(E6,IF(AND(ABS(O6-1)<0.0000001,ABS(Y6)<0.0000001,ABS(Z6-1)<0.0000001),"PASS","FAIL"),"INACTIVE") -> PASS | AB6: BOM_raw + ICIO_intensity; exact ISO3 or OTHERS fallback
A7: ="BASE_FIGURE_ICIO" -> BASE_FIGURE_ICIO | B7: =ICIO_intensity!A7 -> BGR | C7: =IF(COUNTIF(BOM_raw!$A$2:$A$1001,B7)>0,B7,"OTHERS") -> OTHERS | D7: =IF(C7=B7,"EXACT","OTHERS_FALLBACK") -> OTHERS_FALLBACK | E7: =ICIO_intensity!B7 -> TRUE | F7: =ICIO_intensity!E7 -> 0.77746703 | G7: =ICIO_intensity!H7 -> 0.22253297 | H7: =SUMIFS(BOM_raw!$E$2:$E$1001,BOM_raw!$A$2:$A$1001,$C7,BOM_raw!$F$2:$F$1001,"T") -> 0.29 | I7: =SUMIFS(BOM_raw!$E$2:$E$1001,BOM_raw!$A$2:$A$1001,$C7,BOM_raw!$F$2:$F$1001,"M") -> 0.036 | J7: =SUMIFS(BOM_raw!$E$2:$E$1001,BOM_raw!$A$2:$A$1001,$C7,BOM_raw!$F$2:$F$1001,"E") -> 0.053 | K7: =SUMIFS(BOM_raw!$E$2:$E$1001,BOM_raw!$A$2:$A$1001,$C7,BOM_raw!$F$2:$F$1001,"I") -> 0.059 | L7: =SUMIFS(BOM_raw!$E$2:$E$1001,BOM_raw!$A$2:$A$1001,$C7,BOM_raw!$F$2:$F$1001,"EE") -> 0.103 | M7: =SUMIFS(BOM_raw!$E$2:$E$1001,BOM_raw!$A$2:$A$1001,$C7,BOM_raw!$F$2:$F$1001,"HV") -> 0.01 | N7: =SUMIFS(BOM_raw!$E$2:$E$1001,BOM_raw!$A$2:$A$1001,$C7,BOM_raw!$F$2:$F$1001,"SHARED") -> 0.449 | O7: =SUM(H7:N7) -> 1 | P7: =IF(E7,F7,0) -> 0.77746703 | Q7: =P7*H7 -> 0.22546544 | R7: =P7*I7 -> 0.027988813 | S7: =P7*J7 -> 0.041205752 | T7: =P7*K7 -> 0.045870555 | U7: =P7*L7 -> 0.080079104 | V7: =P7*M7 -> 0.0077746703 | W7: =P7*N7 -> 0.34908269 | X7: =SUM(Q7:W7) -> 0.77746703 | Y7: =X7-F7 -> 0 | Z7: =X7+G7 -> 1 | AA7: =IF(E7,IF(AND(ABS(O7-1)<0.0000001,ABS(Y7)<0.0000001,ABS(Z7-1)<0.0000001),"PASS","FAIL"),"INACTIVE") -> PASS | AB7: BOM_raw + ICIO_intensity; exact ISO3 or OTHERS fallback
A8: ="BASE_FIGURE_ICIO" -> BASE_FIGURE_ICIO | B8: =ICIO_intensity!A8 -> BLR | C8: =IF(COUNTIF(BOM_raw!$A$2:$A$1001,B8)>0,B8,"OTHERS") -> OTHERS | D8: =IF(C8=B8,"EXACT","OTHERS_FALLBACK") -> OTHERS_FALLBACK | E8: =ICIO_intensity!B8 -> TRUE | F8: =ICIO_intensity!E8 -> 0.57636067 | G8: =ICIO_intensity!H8 -> 0.42363933 | H8: =SUMIFS(BOM_raw!$E$2:$E$1001,BOM_raw!$A$2:$A$1001,$C8,BOM_raw!$F$2:$F$1001,"T") -> 0.29 | I8: =SUMIFS(BOM_raw!$E$2:$E$1001,BOM_raw!$A$2:$A$1001,$C8,BOM_raw!$F$2:$F$1001,"M") -> 0.036 | J8: =SUMIFS(BOM_raw!$E$2:$E$1001,BOM_raw!$A$2:$A$1001,$C8,BOM_raw!$F$2:$F$1001,"E") -> 0.053 | K8: =SUMIFS(BOM_raw!$E$2:$E$1001,BOM_raw!$A$2:$A$1001,$C8,BOM_raw!$F$2:$F$1001,"I") -> 0.059 | L8: =SUMIFS(BOM_raw!$E$2:$E$1001,BOM_raw!$A$2:$A$1001,$C8,BOM_raw!$F$2:$F$1001,"EE") -> 0.103 | M8: =SUMIFS(BOM_raw!$E$2:$E$1001,BOM_raw!$A$2:$A$1001,$C8,BOM_raw!$F$2:$F$1001,"HV") -> 0.01 | N8: =SUMIFS(BOM_raw!$E$2:$E$1001,BOM_raw!$A$2:$A$1001,$C8,BOM_raw!$F$2:$F$1001,"SHARED") -> 0.449 | O8: =SUM(H8:N8) -> 1 | P8: =IF(E8,F8,0) -> 0.57636067 | Q8: =P8*H8 -> 0.16714459 | R8: =P8*I8 -> 0.020748984 | S8: =P8*J8 -> 0.030547116 | T8: =P8*K8 -> 0.03400528 | U8: =P8*L8 -> 0.059365149 | V8: =P8*M8 -> 0.0057636067 | W8: =P8*N8 -> 0.25878594 | X8: =SUM(Q8:W8) -> 0.57636067 | Y8: =X8-F8 -> 0 | Z8: =X8+G8 -> 1 | AA8: =IF(E8,IF(AND(ABS(O8-1)<0.0000001,ABS(Y8)<0.0000001,ABS(Z8-1)<0.0000001),"PASS","FAIL"),"INACTIVE") -> PASS | AB8: BOM_raw + ICIO_intensity; exact ISO3 or OTHERS fallback
A9: ="BASE_FIGURE_ICIO" -> BASE_FIGURE_ICIO | B9: =ICIO_intensity!A9 -> BRA | C9: =IF(COUNTIF(BOM_raw!$A$2:$A$1001,B9)>0,B9,"OTHERS") -> OTHERS | D9: =IF(C9=B9,"EXACT","OTHERS_FALLBACK") -> OTHERS_FALLBACK | E9: =ICIO_intensity!B9 -> TRUE | F9: =ICIO_intensity!E9 -> 0.81177367 | G9: =ICIO_intensity!H9 -> 0.18822633 | H9: =SUMIFS(BOM_raw!$E$2:$E$1001,BOM_raw!$A$2:$A$1001,$C9,BOM_raw!$F$2:$F$1001,"T") -> 0.29 | I9: =SUMIFS(BOM_raw!$E$2:$E$1001,BOM_raw!$A$2:$A$1001,$C9,BOM_raw!$F$2:$F$1001,"M") -> 0.036 | J9: =SUMIFS(BOM_raw!$E$2:$E$1001,BOM_raw!$A$2:$A$1001,$C9,BOM_raw!$F$2:$F$1001,"E") -> 0.053 | K9: =SUMIFS(BOM_raw!$E$2:$E$1001,BOM_raw!$A$2:$A$1001,$C9,BOM_raw!$F$2:$F$1001,"I") -> 0.059 | L9: =SUMIFS(BOM_raw!$E$2:$E$1001,BOM_raw!$A$2:$A$1001,$C9,BOM_raw!$F$2:$F$1001,"EE") -> 0.103 | M9: =SUMIFS(BOM_raw!$E$2:$E$1001,BOM_raw!$A$2:$A$1001,$C9,BOM_raw!$F$2:$F$1001,"HV") -> 0.01 | N9: =SUMIFS(BOM_raw!$E$2:$E$1001,BOM_raw!$A$2:$A$1001,$C9,BOM_raw!$F$2:$F$1001,"SHARED") -> 0.449 | O9: =SUM(H9:N9) -> 1 | P9: =IF(E9,F9,0) -> 0.81177367 | Q9: =P9*H9 -> 0.23541436 | R9: =P9*I9 -> 0.029223852 | S9: =P9*J9 -> 0.043024004 | T9: =P9*K9 -> 0.047894646 | U9: =P9*L9 -> 0.083612688 | V9: =P9*M9 -> 0.0081177367 | W9: =P9*N9 -> 0.36448638 | X9: =SUM(Q9:W9) -> 0.81177367 | Y9: =X9-F9 -> 0 | Z9: =X9+G9 -> 1 | AA9: =IF(E9,IF(AND(ABS(O9-1)<0.0000001,ABS(Y9)<0.0000001,ABS(Z9-1)<0.0000001),"PASS","FAIL"),"INACTIVE") -> PASS | AB9: BOM_raw + ICIO_intensity; exact ISO3 or OTHERS fallback
A10: ="BASE_FIGURE_ICIO" -> BASE_FIGURE_ICIO | B10: =ICIO_intensity!A10 -> BRN | C10: =IF(COUNTIF(BOM_raw!$A$2:$A$1001,B10)>0,B10,"OTHERS") -> OTHERS | D10: =IF(C10=B10,"EXACT","OTHERS_FALLBACK") -> OTHERS_FALLBACK | E10: =ICIO_intensity!B10 -> FALSE | F10: =ICIO_intensity!E10 -> 0 | G10: =ICIO_intensity!H10 -> 0 | H10: =SUMIFS(BOM_raw!$E$2:$E$1001,BOM_raw!$A$2:$A$1001,$C10,BOM_raw!$F$2:$F$1001,"T") -> 0.29 | I10: =SUMIFS(BOM_raw!$E$2:$E$1001,BOM_raw!$A$2:$A$1001,$C10,BOM_raw!$F$2:$F$1001,"M") -> 0.036 | J10: =SUMIFS(BOM_raw!$E$2:$E$1001,BOM_raw!$A$2:$A$1001,$C10,BOM_raw!$F$2:$F$1001,"E") -> 0.053 | K10: =SUMIFS(BOM_raw!$E$2:$E$1001,BOM_raw!$A$2:$A$1001,$C10,BOM_raw!$F$2:$F$1001,"I") -> 0.059 | L10: =SUMIFS(BOM_raw!$E$2:$E$1001,BOM_raw!$A$2:$A$1001,$C10,BOM_raw!$F$2:$F$1001,"EE") -> 0.103 | M10: =SUMIFS(BOM_raw!$E$2:$E$1001,BOM_raw!$A$2:$A$1001,$C10,BOM_raw!$F$2:$F$1001,"HV") -> 0.01 | N10: =SUMIFS(BOM_raw!$E$2:$E$1001,BOM_raw!$A$2:$A$1001,$C10,BOM_raw!$F$2:$F$1001,"SHARED") -> 0.449 | O10: =SUM(H10:N10) -> 1 | P10: =IF(E10,F10,0) -> 0 | Q10: =P10*H10 -> 0 | R10: =P10*I10 -> 0 | S10: =P10*J10 -> 0 | T10: =P10*K10 -> 0 | U10: =P10*L10 -> 0 | V10: =P10*M10 -> 0 | W10: =P10*N10 -> 0 | X10: =SUM(Q10:W10) -> 0 | Y10: =X10-F10 -> 0 | Z10: =X10+G10 -> 0 | AA10: =IF(E10,IF(AND(ABS(O10-1)<0.0000001,ABS(Y10)<0.0000001,ABS(Z10-1)<0.0000001),"PASS","FAIL"),"INACTIVE") -> INACTIVE | AB10: BOM_raw + ICIO_intensity; exact ISO3 or OTHERS fallback
A11: ="BASE_FIGURE_ICIO" -> BASE_FIGURE_ICIO | B11: =ICIO_intensity!A11 -> CAN | C11: =IF(COUNTIF(BOM_raw!$A$2:$A$1001,B11)>0,B11,"OTHERS") -> OTHERS | D11: =IF(C11=B11,"EXACT","OTHERS_FALLBACK") -> OTHERS_FALLBACK | E11: =ICIO_intensity!B11 -> TRUE | F11: =ICIO_intensity!E11 -> 0.7919298 | G11: =ICIO_intensity!H11 -> 0.2080702 | H11: =SUMIFS(BOM_raw!$E$2:$E$1001,BOM_raw!$A$2:$A$1001,$C11,BOM_raw!$F$2:$F$1001,"T") -> 0.29 | I11: =SUMIFS(BOM_raw!$E$2:$E$1001,BOM_raw!$A$2:$A$1001,$C11,BOM_raw!$F$2:$F$1001,"M") -> 0.036 | J11: =SUMIFS(BOM_raw!$E$2:$E$1001,BOM_raw!$A$2:$A$1001,$C11,BOM_raw!$F$2:$F$1001,"E") -> 0.053 | K11: =SUMIFS(BOM_raw!$E$2:$E$1001,BOM_raw!$A$2:$A$1001,$C11,BOM_raw!$F$2:$F$1001,"I") -> 0.059 | L11: =SUMIFS(BOM_raw!$E$2:$E$1001,BOM_raw!$A$2:$A$1001,$C11,BOM_raw!$F$2:$F$1001,"EE") -> 0.103 | M11: =SUMIFS(BOM_raw!$E$2:$E$1001,BOM_raw!$A$2:$A$1001,$C11,BOM_raw!$F$2:$F$1001,"HV") -> 0.01 | N11: =SUMIFS(BOM_raw!$E$2:$E$1001,BOM_raw!$A$2:$A$1001,$C11,BOM_raw!$F$2:$F$1001,"SHARED") -> 0.449 | O11: =SUM(H11:N11) -> 1 | P11: =IF(E11,F11,0) -> 0.7919298 | Q11: =P11*H11 -> 0.22965964 | R11: =P11*I11 -> 0.028509473 | S11: =P11*J11 -> 0.041972279 | T11: =P11*K11 -> 0.046723858 | U11: =P11*L11 -> 0.081568769 | V11: =P11*M11 -> 0.007919298 | W11: =P11*N11 -> 0.35557648 | X11: =SUM(Q11:W11) -> 0.7919298 | Y11: =X11-F11 -> 0 | Z11: =X11+G11 -> 1 | AA11: =IF(E11,IF(AND(ABS(O11-1)<0.0000001,ABS(Y11)<0.0000001,ABS(Z11-1)<0.0000001),"PASS","FAIL"),"INACTIVE") -> PASS | AB11: BOM_raw + ICIO_intensity; exact ISO3 or OTHERS fallback
A12: ="BASE_FIGURE_ICIO" -> BASE_FIGURE_ICIO | B12: =ICIO_intensity!A12 -> CHE | C12: =IF(COUNTIF(BOM_raw!$A$2:$A$1001,B12)>0,B12,"OTHERS") -> OTHERS | D12: =IF(C12=B12,"EXACT","OTHERS_FALLBACK") -> OTHERS_FALLBACK | E12: =ICIO_intensity!B12 -> TRUE | F12: =ICIO_intensity!E12 -> 0.66676672 | G12: =ICIO_intensity!H12 -> 0.33323328 | H12: =SUMIFS(BOM_raw!$E$2:$E$1001,BOM_raw!$A$2:$A$1001,$C12,BOM_raw!$F$2:$F$1001,"T") -> 0.29 | I12: =SUMIFS(BOM_raw!$E$2:$E$1001,BOM_raw!$A$2:$A$1001,$C12,BOM_raw!$F$2:$F$1001,"M") -> 0.036 | J12: =SUMIFS(BOM_raw!$E$2:$E$1001,BOM_raw!$A$2:$A$1001,$C12,BOM_raw!$F$2:$F$1001,"E") -> 0.053 | K12: =SUMIFS(BOM_raw!$E$2:$E$1001,BOM_raw!$A$2:$A$1001,$C12,BOM_raw!$F$2:$F$1001,"I") -> 0.059 | L12: =SUMIFS(BOM_raw!$E$2:$E$1001,BOM_raw!$A$2:$A$1001,$C12,BOM_raw!$F$2:$F$1001,"EE") -> 0.103 | M12: =SUMIFS(BOM_raw!$E$2:$E$1001,BOM_raw!$A$2:$A$1001,$C12,BOM_raw!$F$2:$F$1001,"HV") -> 0.01 | N12: =SUMIFS(BOM_raw!$E$2:$E$1001,BOM_raw!$A$2:$A$1001,$C12,BOM_raw!$F$2:$F$1001,"SHARED") -> 0.449 | O12: =SUM(H12:N12) -> 1 | P12: =IF(E12,F12,0) -> 0.66676672 | Q12: =P12*H12 -> 0.19336235 | R12: =P12*I12 -> 0.024003602 | S12: =P12*J12 -> 0.035338636 | T12: =P12*K12 -> 0.039339236 | U12: =P12*L12 -> 0.068676972 | V12: =P12*M12 -> 0.0066676672 | W12: =P12*N12 -> 0.29937826 | X12: =SUM(Q12:W12) -> 0.66676672 | Y12: =X12-F12 -> 0 | Z12: =X12+G12 -> 1 | AA12: =IF(E12,IF(AND(ABS(O12-1)<0.0000001,ABS(Y12)<0.0000001,ABS(Z12-1)<0.0000001),"PASS","FAIL"),"INACTIVE") -> PASS | AB12: BOM_raw + ICIO_intensity; exact ISO3 or OTHERS fallback
A13: ="BASE_FIGURE_ICIO" -> BASE_FIGURE_ICIO | B13: =ICIO_intensity!A13 -> CHL | C13: =IF(COUNTIF(BOM_raw!$A$2:$A$1001,B13)>0,B13,"OTHERS") -> OTHERS | D13: =IF(C13=B13,"EXACT","OTHERS_FALLBACK") -> OTHERS_FALLBACK | E13: =ICIO_intensity!B13 -> FALSE | F13: =ICIO_intensity!E13 -> 0 | G13: =ICIO_intensity!H13 -> 0 | H13: =SUMIFS(BOM_raw!$E$2:$E$1001,BOM_raw!$A$2:$A$1001,$C13,BOM_raw!$F$2:$F$1001,"T") -> 0.29 | I13: =SUMIFS(BOM_raw!$E$2:$E$1001,BOM_raw!$A$2:$A$1001,$C13,BOM_raw!$F$2:$F$1001,"M") -> 0.036 | J13: =SUMIFS(BOM_raw!$E$2:$E$1001,BOM_raw!$A$2:$A$1001,$C13,BOM_raw!$F$2:$F$1001,"E") -> 0.053 | K13: =SUMIFS(BOM_raw!$E$2:$E$1001,BOM_raw!$A$2:$A$1001,$C13,BOM_raw!$F$2:$F$1001,"I") -> 0.059 | L13: =SUMIFS(BOM_raw!$E$2:$E$1001,BOM_raw!$A$2:$A$1001,$C13,BOM_raw!$F$2:$F$1001,"EE") -> 0.103 | M13: =SUMIFS(BOM_raw!$E$2:$E$1001,BOM_raw!$A$2:$A$1001,$C13,BOM_raw!$F$2:$F$1001,"HV") -> 0.01 | N13: =SUMIFS(BOM_raw!$E$2:$E$1001,BOM_raw!$A$2:$A$1001,$C13,BOM_raw!$F$2:$F$1001,"SHARED") -> 0.449 | O13: =SUM(H13:N13) -> 1 | P13: =IF(E13,F13,0) -> 0 | Q13: =P13*H13 -> 0 | R13: =P13*I13 -> 0 | S13: =P13*J13 -> 0 | T13: =P13*K13 -> 0 | U13: =P13*L13 -> 0 | V13: =P13*M13 -> 0 | W13: =P13*N13 -> 0 | X13: =SUM(Q13:W13) -> 0 | Y13: =X13-F13 -> 0 | Z13: =X13+G13 -> 0 | AA13: =IF(E13,IF(AND(ABS(O13-1)<0.0000001,ABS(Y13)<0.0000001,ABS(Z13-1)<0.0000001),"PASS","FAIL"),"INACTIVE") -> INACTIVE | AB13: BOM_raw + ICIO_intensity; exact ISO3 or OTHERS fallback
... A78: ="BASE_FIGURE_ICIO" -> BASE_FIGURE_ICIO | B78: =ICIO_intensity!A78 -> ROW | C78: =IF(COUNTIF(BOM_raw!$A$2:$A$1001,B78)>0,B78,"OTHERS") -> OTHERS | D78: =IF(C78=B78,"EXACT","OTHERS_FALLBACK") -> OTHERS_FALLBACK | E78: =ICIO_intensity!B78 -> TRUE | F78: =ICIO_intensity!E78 -> 0.66297193 | G78: =ICIO_intensity!H78 -> 0.33702807 | H78: =SUMIFS(BOM_raw!$E$2:$E$1001,BOM_raw!$A$2:$A$1001,$C78,BOM_raw!$F$2:$F$1001,"T") -> 0.29 | I78: =SUMIFS(BOM_raw!$E$2:$E$1001,BOM_raw!$A$2:$A$1001,$C78,BOM_raw!$F$2:$F$1001,"M") -> 0.036 | J78: =SUMIFS(BOM_raw!$E$2:$E$1001,BOM_raw!$A$2:$A$1001,$C78,BOM_raw!$F$2:$F$1001,"E") -> 0.053 | K78: =SUMIFS(BOM_raw!$E$2:$E$1001,BOM_raw!$A$2:$A$1001,$C78,BOM_raw!$F$2:$F$1001,"I") -> 0.059 | L78: =SUMIFS(BOM_raw!$E$2:$E$1001,BOM_raw!$A$2:$A$1001,$C78,BOM_raw!$F$2:$F$1001,"EE") -> 0.103 | M78: =SUMIFS(BOM_raw!$E$2:$E$1001,BOM_raw!$A$2:$A$1001,$C78,BOM_raw!$F$2:$F$1001,"HV") -> 0.01 | N78: =SUMIFS(BOM_raw!$E$2:$E$1001,BOM_raw!$A$2:$A$1001,$C78,BOM_raw!$F$2:$F$1001,"SHARED") -> 0.449 | O78: =SUM(H78:N78) -> 1 | P78: =IF(E78,F78,0) -> 0.66297193 | Q78: =P78*H78 -> 0.19226186 | R78: =P78*I78 -> 0.02386699 | S78: =P78*J78 -> 0.035137512 | T78: =P78*K78 -> 0.039115344 | U78: =P78*L78 -> 0.068286109 | V78: =P78*M78 -> 0.0066297193 | W78: =P78*N78 -> 0.2976744 | X78: =SUM(Q78:W78) -> 0.66297193 | Y78: =X78-F78 -> 0 | Z78: =X78+G78 -> 1 | AA78: =IF(E78,IF(AND(ABS(O78-1)<0.0000001,ABS(Y78)<0.0000001,ABS(Z78-1)<0.0000001),"PASS","FAIL"),"INACTIVE") -> PASS | AB78: BOM_raw + ICIO_intensity; exact ISO3 or OTHERS fallback

Sheet Alpha_2020
A1: ISO3 | B1: alpha_T | C1: alpha_M | D1: alpha_E | E1: C27 inputs to C29 | F1: C26 inputs to C29 | G1: T/M status | H1: E status | I1: Formula | J1: Source
A2: ARG | B2: 0.60328541 | C2: 0.60328541 | D2: 0.48813024 | E2: 305.3321 | F2: 112.7529 | G2: OK | H2: OK | I2: alpha(c,d)=Z[(c,d),(c,C29)] / sum_r Z[(r,d),(c,C29)] | J2: 2022_SML.csv
A3: AUS | B3: 0.21234522 | C3: 0.21234522 | D3: 0.17542894 | E3: 169.5037 | F3: 160.8144 | G3: OK | H3: OK | I3: alpha(c,d)=Z[(c,d),(c,C29)] / sum_r Z[(r,d),(c,C29)] | J3: 2022_SML.csv
A4: AUT | B4: 0.21218298 | C4: 0.21218298 | D4: 0.28434448 | E4: 390.9338 | F4: 189.4948 | G4: OK | H4: OK | I4: alpha(c,d)=Z[(c,d),(c,C29)] / sum_r Z[(r,d),(c,C29)] | J4: 2022_SML.csv
A5: BEL | B5: 0.12459073 | C5: 0.12459073 | D5: 0.16335881 | E5: 300.5665 | F5: 88.8945 | G5: OK | H5: OK | I5: alpha(c,d)=Z[(c,d),(c,C29)] / sum_r Z[(r,d),(c,C29)] | J5: 2022_SML.csv
A6: BGD | B6: 0.56120228 | C6: 0.56120228 | D6: 0.38800407 | E6: 2.2058 | F6: 0.2951 | G6: OK | H6: OK | I6: alpha(c,d)=Z[(c,d),(c,C29)] / sum_r Z[(r,d),(c,C29)] | J6: 2022_SML.csv
A7: BGR | B7: 0.10552856 | C7: 0.10552856 | D7: 0.10564444 | E7: 28.398 | F7: 19.1321 | G7: OK | H7: OK | I7: alpha(c,d)=Z[(c,d),(c,C29)] / sum_r Z[(r,d),(c,C29)] | J7: 2022_SML.csv
A8: BLR | B8: 0.093639274 | C8: 0.093639274 | D8: 0.38171739 | E8: 53.9058 | F8: 21.2136 | G8: OK | H8: OK | I8: alpha(c,d)=Z[(c,d),(c,C29)] / sum_r Z[(r,d),(c,C29)] | J8: 2022_SML.csv
A9: BRA | B9: 0.72914965 | C9: 0.72914965 | D9: 0.58319663 | E9: 1829.5092 | F9: 733.1932 | G9: OK | H9: OK | I9: alpha(c,d)=Z[(c,d),(c,C29)] / sum_r Z[(r,d),(c,C29)] | J9: 2022_SML.csv
A10: BRN | E10: 0 | F10: 0 | G10: NO_C29_INPUT | H10: NO_C29_INPUT | I10: alpha(c,d)=Z[(c,d),(c,C29)] / sum_r Z[(r,d),(c,C29)] | J10: 2022_SML.csv
A11: CAN | B11: 0.22535585 | C11: 0.22535585 | D11: 0.14471844 | E11: 870.6226 | F11: 335.6877 | G11: OK | H11: OK | I11: alpha(c,d)=Z[(c,d),(c,C29)] / sum_r Z[(r,d),(c,C29)] | J11: 2022_SML.csv
A12: CHE | B12: 0.57276349 | C12: 0.57276349 | D12: 0.75891326 | E12: 51.8811 | F12: 33.5203 | G12: OK | H12: OK | I12: alpha(c,d)=Z[(c,d),(c,C29)] / sum_r Z[(r,d),(c,C29)] | J12: 2022_SML.csv
A13: CHL | E13: 0 | F13: 0 | G13: NO_C29_INPUT | H13: NO_C29_INPUT | I13: alpha(c,d)=Z[(c,d),(c,C29)] / sum_r Z[(r,d),(c,C29)] | J13: 2022_SML.csv
A14: CHN | B14: 0.94288249 | C14: 0.94288249 | D14: 0.76806451 | E14: 38080.946 | F14: 20250.997 | G14: OK | H14: OK | I14: alpha(c,d)=Z[(c,d),(c,C29)] / sum_r Z[(r,d),(c,C29)] | J14: 2022_SML.csv
A15: CIV | B15: 0.057648661 | C15: 0.057648661 | D15: 0 | E15: 0.8812 | F15: 0.3217 | G15: OK | H15: OK | I15: alpha(c,d)=Z[(c,d),(c,C29)] / sum_r Z[(r,d),(c,C29)] | J15: 2022_SML.csv
A16: CMR | B16: 0.051851852 | C16: 0.051851852 | D16: 0.63636364 | E16: 0.0675 | F16: 0.0044 | G16: OK | H16: OK | I16: alpha(c,d)=Z[(c,d),(c,C29)] / sum_r Z[(r,d),(c,C29)] | J16: 2022_SML.csv
A17: COL | B17: 0.44872024 | C17: 0.44872024 | D17: 0.22348159 | E17: 112.3533 | F17: 28.0918 | G17: OK | H17: OK | I17: alpha(c,d)=Z[(c,d),(c,C29)] / sum_r Z[(r,d),(c,C29)] | J17: 2022_SML.csv
A18: CRI | B18: 0.59280576 | C18: 0.59280576 | D18: 0.30449827 | E18: 0.2085 | F18: 0.1156 | G18: OK | H18: OK | I18: alpha(c,d)=Z[(c,d),(c,C29)] / sum_r Z[(r,d),(c,C29)] | J18: 2022_SML.csv
A19: CYP | B19: 0.14793213 | C19: 0.14793213 | D19: 0.17331813 | E19: 0.1886 | F19: 0.0877 | G19: OK | H19: OK | I19: alpha(c,d)=Z[(c,d),(c,C29)] / sum_r Z[(r,d),(c,C29)] | J19: 2022_SML.csv
A20: CZE | B20: 0.30871802 | C20: 0.30871802 | D20: 0.45488313 | E20: 2956.6761 | F20: 290.8624 | G20: OK | H20: OK | I20: alpha(c,d)=Z[(c,d),(c,C29)] / sum_r Z[(r,d),(c,C29)] | J20: 2022_SML.csv
A21: DEU | B21: =0.386971230093986+0.11 -> 0.49697123 | C21: 0.38697123 | D21: 0.25647472 | E21: 11703.611 | F21: 4252.8453 | G21: OK | H21: OK | I21: alpha(c,d)=Z[(c,d),(c,C29)] / sum_r Z[(r,d),(c,C29)] | J21: 2022_SML.csv
A22: DNK | B22: 0.15751543 | C22: 0.15751543 | D22: 0.20720281 | E22: 18.4547 | F22: 8.6022 | G22: OK | H22: OK | I22: alpha(c,d)=Z[(c,d),(c,C29)] / sum_r Z[(r,d),(c,C29)] | J22: 2022_SML.csv
A23: EGY | B23: 0.76338147 | C23: 0.76338147 | D23: 0.24637551 | E23: 34.6879 | F23: 4.442 | G23: OK | H23: OK | I23: alpha(c,d)=Z[(c,d),(c,C29)] / sum_r Z[(r,d),(c,C29)] | J23: 2022_SML.csv
A24: ESP | B24: 0.27840598 | C24: 0.27840598 | D24: 0.14216685 | E24: 1827.9776 | F24: 644.4224 | G24: OK | H24: OK | I24: alpha(c,d)=Z[(c,d),(c,C29)] / sum_r Z[(r,d),(c,C29)] | J24: 2022_SML.csv
A25: EST | B25: 0.16506747 | C25: 0.16506747 | D25: 0.34065287 | E25: 17.7485 | F25: 6.1115 | G25: OK | H25: OK | I25: alpha(c,d)=Z[(c,d),(c,C29)] / sum_r Z[(r,d),(c,C29)] | J25: 2022_SML.csv
A26: FIN | B26: 0.41504785 | C26: 0.41504785 | D26: 0.60122244 | E26: 65.2585 | F26: 43.9448 | G26: OK | H26: OK | I26: alpha(c,d)=Z[(c,d),(c,C29)] / sum_r Z[(r,d),(c,C29)] | J26: 2022_SML.csv
A27: FRA | B27: 0.16066553 | C27: 0.16066553 | D27: 0.17756813 | E27: 1647.0409 | F27: 749.9713 | G27: OK | H27: OK | I27: alpha(c,d)=Z[(c,d),(c,C29)] / sum_r Z[(r,d),(c,C29)] | J27: 2022_SML.csv
A28: GBR | B28: 0.37806621 | C28: 0.37806621 | D28: 0.42405743 | E28: 461.9056 | F28: 984.0811 | G28: OK | H28: OK | I28: alpha(c,d)=Z[(c,d),(c,C29)] / sum_r Z[(r,d),(c,C29)] | J28: 2022_SML.csv
A29: GRC | B29: 0.45041016 | C29: 0.45041016 | D29: 0.91167785 | E29: 4.7177 | F29: 1.8625 | G29: OK | H29: OK | I29: alpha(c,d)=Z[(c,d),(c,C29)] / sum_r Z[(r,d),(c,C29)] | J29: 2022_SML.csv
A30: HKG | B30: 0.81157213 | C30: 0.81157213 | D30: 0.87279786 | E30: 46.4772 | F30: 15.8936 | G30: OK | H30: OK | I30: alpha(c,d)=Z[(c,d),(c,C29)] / sum_r Z[(r,d),(c,C29)] | J30: 2022_SML.csv
A31: HRV | B31: 0.19254276 | C31: 0.19254276 | D31: 0.12968592 | E31: 5.203 | F31: 1.6779 | G31: OK | H31: OK | I31: alpha(c,d)=Z[(c,d),(c,C29)] / sum_r Z[(r,d),(c,C29)] | J31: 2022_SML.csv
A32: HUN | B32: 0.28894835 | C32: 0.28894835 | D32: 0.37281152 | E32: 2561.2962 | F32: 594.7496 | G32: OK | H32: OK | I32: alpha(c,d)=Z[(c,d),(c,C29)] / sum_r Z[(r,d),(c,C29)] | J32: 2022_SML.csv
A33: IDN | B33: 0.74493321 | C33: 0.74493321 | D33: 0.56862883 | E33: 1744.5713 | F33: 366.5333 | G33: OK | H33: OK | I33: alpha(c,d)=Z[(c,d),(c,C29)] / sum_r Z[(r,d),(c,C29)] | J33: 2022_SML.csv
... A78: ROW | B78: 0.48572541 | C78: 0.48572541 | D78: 0.29810491 | E78: 1769.0975 | F78: 1179.6686 | G78: OK | H78: OK | I78: alpha(c,d)=Z[(c,d),(c,C29)] / sum_r Z[(r,d),(c,C29)] | J78: 2022_SML.csv

Sheet Alpha_history
A1: ISO3 | B1: Sector | C1: alpha_2017 | D1: alpha_2018 | E1: alpha_2019 | F1: alpha_2020 | G1: Mean | H1: Min | I1: Max | J1: Years | K1: Status | L1: Source
A2: ARG | B2: C27 | C2: 0.70734058 | D2: 0.63874988 | E2: 0.6084959 | F2: 0.68834716 | G2: 0.66073338 | H2: 0.6084959 | I2: 0.70734058 | J2: 4 | K2: OK | L2: 2017-2020 SML
A3: ARG | B3: C26 | C3: 0.55188838 | D3: 0.45418905 | E3: 0.39729166 | F3: 0.4086048 | G3: 0.45299347 | H3: 0.39729166 | I3: 0.55188838 | J3: 4 | K3: OK | L3: 2017-2020 SML
A4: AUS | B4: C27 | C4: 0.34271504 | D4: 0.31724356 | E4: 0.33302549 | F4: 0.32528851 | G4: 0.32956815 | H4: 0.31724356 | I4: 0.34271504 | J4: 4 | K4: OK | L4: 2017-2020 SML
A5: AUS | B5: C26 | C5: 0.12974864 | D5: 0.1557514 | E5: 0.15866033 | F5: 0.15981648 | G5: 0.15099421 | H5: 0.12974864 | I5: 0.15981648 | J5: 4 | K5: OK | L5: 2017-2020 SML
A6: AUT | B6: C27 | C6: 0.46353082 | D6: 0.47204907 | E6: 0.41625741 | F6: 0.39856181 | G6: 0.43759978 | H6: 0.39856181 | I6: 0.47204907 | J6: 4 | K6: OK | L6: 2017-2020 SML
A7: AUT | B7: C26 | C7: 0.28844855 | D7: 0.37327492 | E7: 0.29119978 | F7: 0.31854806 | G7: 0.31786783 | H7: 0.28844855 | I7: 0.37327492 | J7: 4 | K7: OK | L7: 2017-2020 SML
A8: BEL | B8: C27 | C8: 0.34119453 | D8: 0.33213302 | E8: 0.31097723 | F8: 0.31369817 | G8: 0.32450074 | H8: 0.31097723 | I8: 0.34119453 | J8: 4 | K8: OK | L8: 2017-2020 SML
A9: BEL | B9: C26 | C9: 0.29596776 | D9: 0.29675653 | E9: 0.29408098 | F9: 0.30620385 | G9: 0.29825228 | H9: 0.29408098 | I9: 0.30620385 | J9: 4 | K9: OK | L9: 2017-2020 SML
A10: BGD | B10: C27 | C10: 0.67604589 | D10: 0.67505294 | E10: 0.7557111 | F10: 0.73742261 | G10: 0.71105813 | H10: 0.67505294 | I10: 0.7557111 | J10: 4 | K10: OK | L10: 2017-2020 SML
A11: BGD | B11: C26 | C11: 0.60987312 | D11: 0.66699615 | E11: 0.70482103 | F11: 0.68063483 | G11: 0.66558128 | H11: 0.60987312 | I11: 0.70482103 | J11: 4 | K11: OK | L11: 2017-2020 SML
A12: BGR | B12: C27 | C12: 0.40178419 | D12: 0.44961098 | E12: 0.45414019 | F12: 0.43170761 | G12: 0.43431074 | H12: 0.40178419 | I12: 0.45414019 | J12: 4 | K12: OK | L12: 2017-2020 SML
A13: BGR | B13: C26 | C13: 0.19762188 | D13: 0.20493339 | E13: 0.20351797 | F13: 0.21815739 | G13: 0.20605765 | H13: 0.19762188 | I13: 0.21815739 | J13: 4 | K13: OK | L13: 2017-2020 SML
... A17: BRA | B17: C26 | C17: 0.64934302 | D17: 0.65121767 | E17: 0.63543821 | F17: 0.60126206 | G17: 0.63431524 | H17: 0.60126206 | I17: 0.65121767 | J17: 4 | K17: OK | L17: 2017-2020 SML
A18: BRN | B18: C27 | J18: 0 | K18: NO_C29_INPUT | L18: 2017-2020 SML
A19: BRN | B19: C26 | J19: 0 | K19: NO_C29_INPUT | L19: 2017-2020 SML
A20: CAN | B20: C27 | C20: 0.33903055 | D20: 0.32107104 | E20: 0.32170909 | F20: 0.32621399 | G20: 0.32700617 | H20: 0.32107104 | I20: 0.33903055 | J20: 4 | K20: OK | L20: 2017-2020 SML
A21: CAN | B21: C26 | C21: 0.17277389 | D21: 0.17517323 | E21: 0.18208759 | F21: 0.24896164 | G21: 0.19474909 | H21: 0.17277389 | I21: 0.24896164 | J21: 4 | K21: OK | L21: 2017-2020 SML
A22: CHE | B22: C27 | C22: 0.60123956 | D22: 0.56160968 | E22: 0.57463578 | F22: 0.57393504 | G22: 0.57785502 | H22: 0.56160968 | I22: 0.60123956 | J22: 4 | K22: OK | L22: 2017-2020 SML
A23: CHE | B23: C26 | C23: 0.67142694 | D23: 0.65132141 | E23: 0.65457124 | F23: 0.66985335 | G23: 0.66179324 | H23: 0.65132141 | I23: 0.67142694 | J23: 4 | K23: OK | L23: 2017-2020 SML
A24: CHL | B24: C27 | J24: 0 | K24: NO_C29_INPUT | L24: 2017-2020 SML
A25: CHL | B25: C26 | J25: 0 | K25: NO_C29_INPUT | L25: 2017-2020 SML
A26: CHN | B26: C27 | C26: 0.94453852 | D26: 0.94349533 | E26: 0.947012 | F26: 0.94323217 | G26: 0.9445695 | H26: 0.94323217 | I26: 0.947012 | J26: 4 | K26: OK | L26: 2017-2020 SML
A27: CHN | B27: C26 | C27: 0.75814717 | D27: 0.77458767 | E27: 0.78762784 | F27: 0.77559259 | G27: 0.77398882 | H27: 0.75814717 | I27: 0.78762784 | J27: 4 | K27: OK | L27: 2017-2020 SML
A28: CIV | B28: C27 | C28: 0 | D28: 0 | E28: 0 | F28: 0 | G28: 0 | H28: 0 | I28: 0 | J28: 4 | K28: OK | L28: 2017-2020 SML
A29: CIV | B29: C26 | C29: 0 | D29: 0 | E29: 0 | F29: 0 | G29: 0 | H29: 0 | I29: 0 | J29: 4 | K29: OK | L29: 2017-2020 SML
A30: CMR | B30: C27 | C30: 0 | D30: 0 | E30: 0 | F30: 0 | G30: 0 | H30: 0 | I30: 0 | J30: 4 | K30: OK | L30: 2017-2020 SML
A31: CMR | B31: C26 | C31: 0 | D31: 0 | E31: 0 | F31: 0 | G31: 0 | H31: 0 | I31: 0 | J31: 4 | K31: OK | L31: 2017-2020 SML
A32: COL | B32: C27 | C32: 0.55483765 | D32: 0.54545135 | E32: 0.53613524 | F32: 0.55405635 | G32: 0.54762015 | H32: 0.53613524 | I32: 0.55483765 | J32: 4 | K32: OK | L32: 2017-2020 SML
A33: COL | B33: C26 | C33: 0.0077062253 | D33: 0.0075643417 | E33: 0.0063225786 | F33: 0.0062504041 | G33: 0.0069608874 | H33: 0.0062504041 | I33: 0.0077062253 | J33: 4 | K33: OK | L33: 2017-2020 SML
A34: CRI | B34: C27 | C34: 0.56306761 | D34: 0.61993958 | E34: 0.63386728 | F34: 0.66964818 | G34: 0.62163066 | H34: 0.56306761 | I34: 0.66964818 | J34: 4 | K34: OK | L34: 2017-2020 SML
A35: CRI | B35: C26 | C35: 0.18473074 | D35: 0.13988095 | E35: 0.18236473 | F35: 0.25994513 | G35: 0.19173039 | H35: 0.13988095 | I35: 0.25994513 | J35: 4 | K35: OK | L35: 2017-2020 SML
A36: CYP | B36: C27 | C36: 0.19061033 | D36: 0.18445365 | E36: 0.18312236 | F36: 0.25130435 | G36: 0.20237267 | H36: 0.18312236 | I36: 0.25130435 | J36: 4 | K36: OK | L36: 2017-2020 SML
A37: CYP | B37: C26 | C37: 0.20089286 | D37: 0.27001862 | E37: 0.20024876 | F37: 0.32240437 | G37: 0.24839115 | H37: 0.20024876 | I37: 0.32240437 | J37: 4 | K37: OK | L37: 2017-2020 SML
... A155: ROW | B155: C26 | C155: 0.50617233 | D155: 0.55123889 | E155: 0.55675384 | F155: 0.56571349 | G155: 0.54496964 | H155: 0.50617233 | I155: 0.56571349 | J155: 4 | K155: OK | L155: 2017-2020 SML

Sheet IMshareM
A1: Origin / destination | B1: ARG | C1: AUS | D1: AUT | E1: BEL | F1: BGD | G1: BGR | H1: BLR | I1: BRA | J1: BRN | K1: CAN | L1: CHE | M1: CHL | N1: CHN | O1: CIV | P1: CMR | Q1: COL | R1: CRI | S1: CYP | T1: CZE | U1: DEU | V1: DNK | W1: EGY | X1: ESP | Y1: EST | Z1: FIN | AA1: FRA | AB1: GBR | AC1: GRC | AD1: HKG | AE1: HRV | AF1: HUN | AG1: IDN | AH1: IND | AI1: IRL | AJ1: ISL | AK1: ISR | AL1: ITA | AM1: JOR | AN1: JPN | AO1: KAZ | AP1: KHM | AQ1: KOR | AR1: LAO | AS1: LTU | AT1: LUX | AU1: LVA | AV1: MAR | AW1: MEX | AX1: MLT | AY1: MMR | AZ1: MYS | BA1: NGA | BB1: NLD | BC1: NOR | BD1: NZL | BE1: PAK | BF1: PER | BG1: PHL | BH1: POL | BI1: PRT | BJ1: ROU | BK1: RUS | BL1: SAU | BM1: SEN | BN1: SGP | BO1: SVK | BP1: SVN | BQ1: SWE | BR1: THA | BS1: TUN | BT1: TUR | BU1: TWN | BV1: UKR | BW1: USA | BX1: VNM | BY1: ZAF | BZ1: ROW
A2: ARG | B2: 0 | C2: 0 | D2: 1.1955596e-07 | E2: 8.7815508e-06 | F2: 0 | G2: 0 | H2: 0 | I2: 0.004102926 | J2: 0 | K2: 0.00030356165 | L2: 3.5110919e-06 | M2: 0.00054236243 | N2: 1.4478428e-08 | O2: 0 | P2: 0 | Q2: 0.0049809763 | R2: 0.00034552016 | S2: 0 | T2: 3.0646654e-07 | U2: 7.3716387e-06 | V2: 0 | W2: 0 | X2: 2.7026574e-05 | Y2: 4.4566353e-05 | Z2: 3.1126537e-06 | AA2: 8.7235043e-06 | AB2: 7.8595337e-07 | AC2: 0 | AD2: 0 | AE2: 0 | AF2: 0 | AG2: 7.9035287e-06 | AH2: 6.5876186e-06 | AI2: 0 | AJ2: 0 | AK2: 0 | AL2: 2.2490497e-06 | AM2: 0 | AN2: 0 | AO2: 0 | AP2: 0 | AQ2: 0 | AR2: 0 | AS2: 0 | AT2: 0 | AU2: 0 | AV2: 0 | AW2: 7.1690829e-06 | AX2: 0 | AY2: 0 | AZ2: 0 | BA2: 0 | BB2: 4.6788e-07 | BC2: 0 | BD2: 1.0288196e-05 | BE2: 0 | BF2: 0.00047403852 | BG2: 0 | BH2: 0 | BI2: 0 | BJ2: 4.8352822e-07 | BK2: 0 | BL2: 0 | BM2: 0 | BN2: 0 | BO2: 0 | BP2: 0 | BQ2: 1.2743219e-05 | BR2: 4.8657078e-08 | BS2: 0 | BT2: 0 | BU2: 1.0252428e-07 | BV2: 3.2559444e-06 | BW2: 2.5665577e-05 | BX2: 0 | BY2: 0 | BZ2: 0.00019045215
A3: AUS | B3: 6.987827e-05 | C3: 0 | D3: 3.6909523e-05 | E3: 5.1713352e-05 | F3: 1.2389209e-06 | G3: 1.7075472e-05 | H3: 0 | I3: 0.00021274527 | J3: 0.00086840822 | K3: 0.0043814644 | L3: 9.4830613e-05 | M3: 7.6678652e-05 | N3: 0.00027930843 | O3: 0.0041361961 | P3: 0.00020123083 | Q3: 0.0018034949 | R3: 0.00021380233 | S3: 0.0021017034 | T3: 6.6805874e-05 | U3: 9.0509472e-05 | V3: 0.00026791542 | W3: 0.00097113859 | X3: 0.00010518178 | Y3: 0.0001907591 | Z3: 0.0001534499 | AA3: 9.8601368e-05 | AB3: 0.0010505336 | AC3: 0.0018535243 | AD3: 1.5259609e-05 | AE3: 0.00014703403 | AF3: 3.7232076e-07 | AG3: 0.0037330727 | AH3: 0.00078896426 | AI3: 0.0001106715 | AJ3: 3.0304432e-05 | AK3: 0.00027392877 | AL3: 0.00016152931 | AM3: 0 | AN3: 0.00016223326 | AO3: 7.9969936e-05 | AP3: 0.00072070178 | AQ3: 2.2795258e-05 | AR3: 0.011688591 | AS3: 4.5817966e-05 | AT3: 4.3437525e-06 | AU3: 0 | AV3: 8.9661613e-06 | AW3: 6.286419e-05 | AX3: 5.6396534e-05 | AY3: 0 | AZ3: 0.00079511394 | BA3: 0.00117869 | BB3: 0.0069329234 | BC3: 0.00011044004 | BD3: 0.082656407 | BE3: 0.0029636225 | BF3: 0.0014608147 | BG3: 0.0013755558 | BH3: 0.00020999586 | BI3: 9.5799089e-06 | BJ3: 2.0546847e-05 | BK3: 0.0016261551 | BL3: 0.00086941349 | BM3: 0.0017336304 | BN3: 0.00082713275 | BO3: 1.8861729e-06 | BP3: 6.3039279e-05 | BQ3: 0.0003511311 | BR3: 0.0074851322 | BS3: 5.5484039e-05 | BT3: 3.8721514e-06 | BU3: 0.00013028098 | BV3: 0 | BW3: 0.00059306399 | BX3: 9.0752113e-05 | BY3: 0.001072609 | BZ3: 0.0019637947
A4: AUT | B4: 0.0019989357 | C4: 0.0025425628 | D4: 0 | E4: 0.0033592313 | F4: 0.0017795156 | G4: 0.015388249 | H4: 0.020329908 | I4: 0.0066398615 | J4: 0.0004209223 | K4: 0.0073288422 | L4: 0.053370449 | M4: 0.00027656798 | N4: 0.012685769 | O4: 0.00051463007 | P4: 0.00015526296 | Q4: 0.00065933792 | R4: 0.0027284182 | S4: 0.0019251156 | T4: 0.022762997 | U4: 0.022223379 | V4: 0.010578969 | W4: 0.00080544001 | X4: 0.028394145 | Y4: 0.0058454929 | Z4: 0.025628536 | AA4: 0.0067824909 | AB4: 0.017402593 | AC4: 0.0074512057 | AD4: 0.00011958251 | AE4: 0.14644816 | AF4: 0.054572659 | AG4: 0.00063494418 | AH4: 0.0057717474 | AI4: 0.00062397407 | AJ4: 0.075050324 | AK4: 0.0048211464 | AL4: 0.014831635 | AM4: 0.0039141242 | AN4: 0.0013265227 | AO4: 0.0018562545 | AP4: 0.00079999982 | AQ4: 0.0015277067 | AR4: 0 | AS4: 0.0063991277 | AT4: 0.0010062455 | AU4: 0.013154866 | AV4: 0.0046800046 | AW4: 0.0061618687 | AX4: 0.00039375803 | AY4: 0.00042080799 | AZ4: 0.0013769722 | BA4: 0.0016418077 | BB4: 0.0036395927 | BC4: 0.0096560015 | BD4: 0.0099062599 | BE4: 0.00059249896 | BF4: 0.0037739503 | BG4: 0.00022989481 | BH4: 0.0098863554 | BI4: 0.0028171022 | BJ4: 0.050390781 | BK4: 0.001551077 | BL4: 0.0016025195 | BM4: 8.146777e-05 | BN4: 0.0019517356 | BO4: 0.020191105 | BP4: 0.040525392 | BQ4: 0.0043623364 | BR4: 0.0011395119 | BS4: 0.0017623671 | BT4: 0.0083414577 | BU4: 0.0015846642 | BV4: 0.0033853152 | BW4: 0.0074214032 | BX4: 0.0012384241 | BY4: 0.0061763203 | BZ4: 0.0066312957
A5: BEL | B5: 0.00016790762 | C5: 0.0016553715 | D5: 0.00029797629 | E5: 0 | F5: 0.0015126064 | G5: 0.0015819992 | H5: 0.00031652062 | I5: 0.0024112748 | J5: 0.00017761992 | K5: 0.00025468414 | L5: 0.0023879632 | M5: 0.00021288978 | N5: 0.00021305273 | O5: 0.0063339682 | P5: 0.014566498 | Q5: 0.00048331312 | R5: 0.00054230486 | S5: 0.010981689 | T5: 0.00059845445 | U5: 0.0022156818 | V5: 0.0024676558 | W5: 0.002017249 | X5: 0.0038772842 | Y5: 0.0057282955 | Z5: 0.0027641267 | AA5: 0.012662578 | AB5: 0.0024256258 | AC5: 0.009238201 | AD5: 0.00031261052 | AE5: 0.0043848681 | AF5: 0.00089633723 | AG5: 0.00022457423 | AH5: 0.0083506786 | AI5: 0.0039221423 | AJ5: 0.0051349968 | AK5: 0.0029373593 | AL5: 0.0095426388 | AM5: 0.0043418725 | AN5: 0.0002070214 | AO5: 0.0020434357 | AP5: 0.00045838373 | AQ5: 0.00010151441 | AR5: 0 | AS5: 0.0049842868 | AT5: 0.050359638 | AU5: 0.0086619845 | AV5: 0.0022870982 | AW5: 1.4374281e-05 | AX5: 0.0005713296 | AY5: 0 | AZ5: 0.012657498 | BA5: 0.0052977441 | BB5: 0.016945535 | BC5: 0.004299354 | BD5: 0.0036619729 | BE5: 0.0028289026 | BF5: 0.00039710757 | BG5: 0.00086105279 | BH5: 0.0005335578 | BI5: 0.016649549 | BJ5: 0.0041047708 | BK5: 0.0024603627 | BL5: 0.0034868989 | BM5: 0.0091034653 | BN5: 0.00037668673 | BO5: 0.00015405682 | BP5: 0.00028466978 | BQ5: 0.0091539253 | BR5: 0.0021058315 | BS5: 0.0037461217 | BT5: 0.00074164473 | BU5: 0.00022614607 | BV5: 0.0014573821 | BW5: 0.00042032136 | BX5: 0.00011644144 | BY5: 0.00075372644 | BZ5: 0.0042816644
A6: BGD | B6: 0 | C6: 0 | D6: 4.3645819e-06 | E6: 0 | F6: 0 | G6: 4.6445953e-06 | H6: 0 | I6: 0 | J6: 0 | K6: 8.8902905e-07 | L6: 0 | M6: 0 | N6: 1.117976e-06 | O6: 0 | P6: 0 | Q6: 0 | R6: 0 | S6: 0 | T6: 0 | U6: 1.0082008e-06 | V6: 5.2293801e-06 | W6: 0 | X6: 1.9436041e-07 | Y6: 0 | Z6: 0 | AA6: 1.2347054e-08 | AB6: 2.0648332e-06 | AC6: 0 | AD6: 0 | AE6: 0 | AF6: 0 | AG6: 6.222338e-06 | AH6: 7.3750494e-05 | AI6: 9.5656094e-07 | AJ6: 0 | AK6: 0 | AL6: 0 | AM6: 0 | AN6: 0 | AO6: 0 | AP6: 0 | AQ6: 2.8239711e-07 | AR6: 0 | AS6: 0 | AT6: 0 | AU6: 0 | AV6: 0 | AW6: 0 | AX6: 0 | AY6: 0 | AZ6: 0 | BA6: 0.0016080205 | BB6: 4.5998534e-05 | BC6: 3.2168973e-06 | BD6: 0 | BE6: 0 | BF6: 0 | BG6: 0 | BH6: 0 | BI6: 0 | BJ6: 0 | BK6: 0 | BL6: 0 | BM6: 0 | BN6: 3.1890729e-06 | BO6: 2.558303e-08 | BP6: 0 | BQ6: 0 | BR6: 1.7155592e-07 | BS6: 0 | BT6: 0 | BU6: 0 | BV6: 0 | BW6: 2.5275124e-05 | BX6: 0 | BY6: 0 | BZ6: 3.590328e-05
A7: BGR | B7: 0.0007975874 | C7: 8.3767735e-05 | D7: 0.00052195807 | E7: 0.0011105343 | F7: 0 | G7: 0 | H7: 0.00055562424 | I7: 0.00020073777 | J7: 0 | K7: 0.00059144016 | L7: 0.00049937414 | M7: 2.1427795e-05 | N7: 0.0013098605 | O7: 0 | P7: 0 | Q7: 0.00032774726 | R7: 0.0025040153 | S7: 6.7743593e-05 | T7: 0.009226525 | U7: 0.0026940533 | V7: 0.0009746982 | W7: 0.001435192 | X7: 0.00093515329 | Y7: 0.0013716878 | Z7: 0.00056189333 | AA7: 0.0011825352 | AB7: 0.0016598593 | AC7: 0.0070131164 | AD7: 1.6877411e-05 | AE7: 6.5226708e-05 | AF7: 1.4183754e-05 | AG7: 4.0203646e-05 | AH7: 9.7976183e-05 | AI7: 0.00019246938 | AJ7: 0.0010765204 | AK7: 7.5857199e-05 | AL7: 0.010725604 | AM7: 0.00036631808 | AN7: 0.00030991777 | AO7: 0.0011629155 | AP7: 0 | AQ7: 0.0002405777 | AR7: 0 | AS7: 0.00020799081 | AT7: 5.5473829e-05 | AU7: 0.00083784428 | AV7: 0.00013712922 | AW7: 4.6655517e-05 | AX7: 0 | AY7: 0 | AZ7: 0.00017723337 | BA7: 0 | BB7: 0.003452798 | BC7: 0.013902562 | BD7: 0.0014434841 | BE7: 3.3607609e-06 | BF7: 3.8196655e-05 | BG7: 6.5844958e-05 | BH7: 0.0010454146 | BI7: 1.5119994e-05 | BJ7: 0.00092290464 | BK7: 0.003374718 | BL7: 0.00019131237 | BM7: 0 | BN7: 0.00026764433 | BO7: 0.00075919151 | BP7: 0.00040564939 | BQ7: 0.00030556024 | BR7: 0.00023630789 | BS7: 0.0025945831 | BT7: 0.0021938102 | BU7: 0.00058363297 | BV7: 0.0030831394 | BW7: 0.00013772679 | BX7: 0.00012235209 | BY7: 0.00051073447 | BZ7: 0.00058618083
A8: BLR | B8: 0 | C8: 0 | D8: 0.00010804631 | E8: 0 | F8: 0 | G8: 0.00031175635 | H8: 0 | I8: 5.5985314e-06 | J8: 0 | K8: 0 | L8: 8.9727886e-06 | M8: 0 | N8: 5.4897374e-06 | O8: 0 | P8: 0 | Q8: 0 | R8: 0 | S8: 0 | T8: 4.4426794e-05 | U8: 2.7868123e-06 | V8: 0 | W8: 0 | X8: 0 | Y8: 1.4039628e-05 | Z8: 6.0314349e-07 | AA8: 0 | AB8: 0 | AC8: 0 | AD8: 0 | AE8: 0 | AF8: 2.7427259e-05 | AG8: 4.0764043e-05 | AH8: 0 | AI8: 1.1285798e-05 | AJ8: 0 | AK8: 0 | AL8: 3.9791208e-06 | AM8: 0 | AN8: 0 | AO8: 0.0026615851 | AP8: 0 | AQ8: 2.1725811e-06 | AR8: 0 | AS8: 0.0059074838 | AT8: 0 | AU8: 0.00091642589 | AV8: 0 | AW8: 0 | AX8: 5.0862589e-06 | AY8: 0 | AZ8: 0 | BA8: 0 | BB8: 0 | BC8: 4.9523723e-06 | BD8: 0 | BE8: 0 | BF8: 0 | BG8: 0 | BH8: 2.4725584e-06 | BI8: 0 | BJ8: 0 | BK8: 0 | BL8: 0 | BM8: 0.0006450653 | BN8: 0 | BO8: 0 | BP8: 0.0019491133 | BQ8: 0 | BR8: 0 | BS8: 0 | BT8: 7.1503738e-07 | BU8: 0 | BV8: 0.0039161162 | BW8: 3.9295528e-06 | BX8: 1.5293996e-05 | BY8: 0 | BZ8: 0.00023331879
A9: BRA | B9: 0.15759139 | C9: 0.022389112 | D9: 0.0063750802 | E9: 0.045471381 | F9: 0.00013474747 | G9: 1.601035e-05 | H9: 0 | I9: 0 | J9: 0.0071786735 | K9: 0.039434637 | L9: 0.0051392214 | M9: 0.030728465 | N9: 0.0028056004 | O9: 0.061988397 | P9: 0.00014206905 | Q9: 0.13433005 | R9: 0.040957683 | S9: 0.0049279327 | T9: 0.00068793374 | U9: 0.015074239 | V9: 0.00011649736 | W9: 0.038488077 | X9: 0.020457932 | Y9: 0.0014640871 | Z9: 0.018488728 | AA9: 0.0094235391 | AB9: 0.02220231 | AC9: 0.0082053414 | AD9: 5.3928579e-06 | AE9: 0.00047542104 | AF9: 0.00048108955 | AG9: 0.0039457578 | AH9: 0.007466721 | AI9: 0.0012483822 | AJ9: 0.0011893357 | AK9: 0.030448237 | AL9: 0.019036126 | AM9: 0.04229572 | AN9: 0.0016220146 | AO9: 0.0071009133 | AP9: 0.00090677677 | AQ9: 0.00387645 | AR9: 0 | AS9: 0.0029771795 | AT9: 0.00099957201 | AU9: 0.002778532 | AV9: 0.019471867 | AW9: 0.0047513681 | AX9: 0.00014486242 | AY9: 3.8837237e-05 | AZ9: 0.0021403687 | BA9: 0.0024699093 | BB9: 0.0016503431 | BC9: 0.0041560805 | BD9: 0.046865603 | BE9: 0.0042579204 | BF9: 0.17021973 | BG9: 0.0055519552 | BH9: 0.0016512136 | BI9: 0.0066094233 | BJ9: 0.00048188238 | BK9: 0.014329965 | BL9: 0.021710828 | BM9: 0.01728569 | BN9: 0.0054034427 | BO9: 0.00014253163 | BP9: 0.011765855 | BQ9: 0.029370489 | BR9: 0.0012094947 | BS9: 0.017283896 | BT9: 0.012280692 | BU9: 0.0013320312 | BV9: 0.010961602 | BW9: 0.028386568 | BX9: 0.00069225923 | BY9: 0.111996 | BZ9: 0.035668642
A10: BRN | B10: 0 | C10: 2.2158254e-05 | D10: 0 | E10: 0 | F10: 0 | G10: 0 | H10: 0 | I10: 0 | J10: 0 | K10: 0 | L10: 0 | M10: 0 | N10: 0 | O10: 0 | P10: 0 | Q10: 0 | R10: 0 | S10: 0 | T10: 0 | U10: 9.4824267e-07 | V10: 0 | W10: 0 | X10: 0 | Y10: 0 | Z10: 0 | AA10: 4.5591987e-05 | AB10: 4.7233941e-09 | AC10: 0 | AD10: 0 | AE10: 0 | AF10: 0 | AG10: 1.8807414e-05 | AH10: 0 | AI10: 0 | AJ10: 0 | AK10: 0 | AL10: 0 | AM10: 0 | AN10: 6.8922179e-09 | AO10: 0 | AP10: 0 | AQ10: 3.1061195e-08 | AR10: 0 | AS10: 0 | AT10: 0 | AU10: 0 | AV10: 0 | AW10: 0 | AX10: 0 | AY10: 0 | AZ10: 6.3995061e-05 | BA10: 0 | BB10: 2.1775465e-05 | BC10: 0 | BD10: 0 | BE10: 0 | BF10: 0 | BG10: 0 | BH10: 0 | BI10: 0 | BJ10: 0 | BK10: 0 | BL10: 0 | BM10: 0 | BN10: 3.3599548e-05 | BO10: 0 | BP10: 0 | BQ10: 0 | BR10: 1.3164311e-06 | BS10: 0 | BT10: 0 | BU10: 0 | BV10: 0 | BW10: 2.9268542e-07 | BX10: 1.7288965e-06 | BY10: 0 | BZ10: 7.4825886e-07
A11: CAN | B11: 0.00094707629 | C11: 0.0047417983 | D11: 0.0013415198 | E11: 0.0032454419 | F11: 1.0077176e-05 | G11: 0.0001267822 | H11: 0.00024485572 | I11: 0.00031804327 | J11: 0.00074193332 | K11: 0 | L11: 0.0011127869 | M11: 0.00097094073 | N11: 0.0006439223 | O11: 0.0003823114 | P11: 0 | Q11: 0.00047487957 | R11: 0.004302044 | S11: 4.9775066e-05 | T11: 0.00037486285 | U11: 0.0061424119 | V11: 0.014970252 | W11: 0.00011382846 | X11: 0.00085618091 | Y11: 0.0074217739 | Z11: 0.00025325589 | AA11: 0.0010943891 | AB11: 0.014852842 | AC11: 0.00023992568 | AD11: 2.5557658e-05 | AE11: 0.00023957119 | AF11: 0.00013854778 | AG11: 0.0015866447 | AH11: 0.0010673993 | AI11: 0.00062496279 | AJ11: 0.0038523351 | AK11: 0.0013907153 | AL11: 0.00042352335 | AM11: 0.003628499 | AN11: 0.0079899355 | AO11: 0.00022038409 | AP11: 0 | AQ11: 0.00032363297 | AR11: 6.2575015e-05 | AS11: 0.00013374203 | AT11: 0.0011396346 | AU11: 0.00091201523 | AV11: 0.00019941697 | AW11: 0.014592428 | AX11: 1.6194644e-05 | AY11: 2.9759525e-05 | AZ11: 0.0028519211 | BA11: 0.00064019334 | BB11: 0.0025516224 | BC11: 0.0063350823 | BD11: 0.0030268608 | BE11: 0.0024271685 | BF11: 0.0018849078 | BG11: 6.5736428e-05 | BH11: 0.0033867007 | BI11: 0.00013571181 | BJ11: 0.00090462143 | BK11: 9.9364137e-05 | BL11: 0.0040406132 | BM11: 0.00060612945 | BN11: 0.0014729454 | BO11: 0.0001440201 | BP11: 0.00027867952 | BQ11: 0.00081044104 | BR11: 0.0014856785 | BS11: 9.8705346e-05 | BT11: 0.00057621478 | BU11: 0.00028404125 | BV11: 0.0013487091 | BW11: 0.021144281 | BX11: 1.6138898e-05 | BY11: 0.0015717038 | BZ11: 0.0022219144
A12: CHE | B12: 0.0053854236 | C12: 0.013805758 | D12: 0.069901567 | E12: 0.0043813349 | F12: 0.0012355216 | G12: 0.0073233515 | H12: 0.0067489035 | I12: 0.0097825124 | J12: 0.0022635968 | K12: 0.010563023 | L12: 0 | M12: 0.00054746987 | N12: 0.041553988 | O12: 0.002097129 | P12: 0.0046396464 | Q12: 0.0042967107 | R12: 0.003902397 | S12: 0.0036209772 | T12: 0.051028839 | U12: 0.086103715 | V12: 0.0041687408 | W12: 0.0050338589 | X12: 0.020849963 | Y12: 0.10451485 | Z12: 0.047547445 | AA12: 0.024504307 | AB12: 0.0442707 | AC12: 0.0025923703 | AD12: 0.0028616781 | AE12: 0.01082385 | AF12: 0.0089846946 | AG12: 0.0010956355 | AH12: 0.010105586 | AI12: 0.020383667 | AJ12: 0.017528989 | AK12: 0.071073981 | AL12: 0.016662693 | AM12: 0.0070298776 | AN12: 0.0080242295 | AO12: 0.011480458 | AP12: 6.0328979e-05 | AQ12: 0.0049308935 | AR12: 0.00020297716 | AS12: 0.003409514 | AT12: 0.0084208841 | AU12: 0.025608123 | AV12: 0.019911037 | AW12: 0.011619593 | AX12: 0.0085980614 | AY12: 0.00027808032 | AZ12: 0.016026265 | BA12: 0.0321455 | BB12: 0.018482177 | BC12: 0.047140915 | BD12: 0.017212877 | BE12: 0.0011404769 | BF12: 0.003078886 | BG12: 0.0011831834 | BH12: 0.022646231 | BI12: 0.13289767 | BJ12: 0.025675858 | BK12: 0.0088838372 | BL12: 0.0083166757 | BM12: 0.0015677661 | BN12: 0.023182125 | BO12: 0.032875574 | BP12: 0.010497961 | BQ12: 0.0091174963 | BR12: 0.0040195804 | BS12: 0.016213282 | BT12: 0.014557852 | BU12: 0.010425183 | BV12: 0.046507467 | BW12: 0.022082953 | BX12: 0.0024389269 | BY12: 0.0065439845 | BZ12: 0.0083014485
A13: CHL | B13: 2.2443585e-05 | C13: 0.00012458769 | D13: 3.7947483e-06 | E13: 1.3443066e-06 | F13: 0 | G13: 0 | H13: 0 | I13: 0.00021383559 | J13: 0 | K13: 6.0186464e-05 | L13: 9.7896047e-06 | M13: 0 | N13: 3.4024306e-08 | O13: 0 | P13: 0 | Q13: 0.000127677 | R13: 0.00081499014 | S13: 0 | T13: 0 | U13: 1.6263091e-06 | V13: 2.2951469e-05 | W13: 0 | X13: 4.2961887e-05 | Y13: 0 | Z13: 2.8208291e-05 | AA13: 2.3889e-07 | AB13: 7.4581234e-07 | AC13: 0 | AD13: 0 | AE13: 0 | AF13: 0 | AG13: 2.3448101e-05 | AH13: 1.2482912e-05 | AI13: 6.4303539e-08 | AJ13: 0.000230191 | AK13: 0 | AL13: 5.5046863e-05 | AM13: 0 | AN13: 8.0231273e-05 | AO13: 0 | AP13: 0 | AQ13: 5.0872178e-08 | AR13: 0 | AS13: 0 | AT13: 0 | AU13: 0 | AV13: 0 | AW13: 0.00047782116 | AX13: 0 | AY13: 0 | AZ13: 9.0981526e-06 | BA13: 0 | BB13: 2.3861589e-06 | BC13: 0 | BD13: 0 | BE13: 1.8246158e-05 | BF13: 0.0012761051 | BG13: 1.4799831e-05 | BH13: 3.3679921e-06 | BI13: 1.8151771e-05 | BJ13: 0 | BK13: 0 | BL13: 0 | BM13: 0 | BN13: 0 | BO13: 0 | BP13: 4.8103105e-07 | BQ13: 1.191214e-05 | BR13: 1.1394865e-06 | BS13: 0 | BT13: 1.6776005e-05 | BU13: 0 | BV13: 0 | BW13: 0.00035655455 | BX13: 0 | BY13: 7.3939413e-06 | BZ13: 0.00017287182
... A78: ROW | B78: 6.5679309e-05 | C78: 0.0030839216 | D78: 0.0068622901 | E78: 0.00022236938 | F78: 0.002896898 | G78: 0.0037055582 | H78: 0.0048324367 | I78: 0.015335992 | J78: 0.0047399676 | K78: 0.0040741519 | L78: 0.0069090551 | M78: 0.0027943075 | N78: 0.010007325 | O78: 0.070852508 | P78: 0.02771014 | Q78: 0.0049529015 | R78: 0.017776965 | S78: 0.0072151045 | T78: 0.012858873 | U78: 0.046955714 | V78: 0.007988347 | W78: 0.0067503715 | X78: 0.016140793 | Y78: 0.039291254 | Z78: 0.00024841637 | AA78: 0.011623149 | AB78: 0.0052155959 | AC78: 0.0041467925 | AD78: 0.0001052487 | AE78: 0.0037453982 | AF78: 0.070821028 | AG78: 0.00042240721 | AH78: 0.0047296255 | AI78: 0.0023621709 | AJ78: 0.0049848213 | AK78: 0.0010535722 | AL78: 0.030425949 | AM78: 0.0010121307 | AN78: 0.00047477819 | AO78: 0.00016886477 | AP78: 0 | AQ78: 8.0132046e-05 | AR78: 0 | AS78: 0.00037810452 | AT78: 0.089398071 | AU78: 0.00041032583 | AV78: 0.00084468609 | AW78: 0.00088759951 | AX78: 1.8391924e-05 | AY78: 5.501942e-05 | AZ78: 0.00082604838 | BA78: 0.0020733018 | BB78: 0.0057798565 | BC78: 0.0010274416 | BD78: 0.0014406408 | BE78: 0.010969946 | BF78: 0.00092690737 | BG78: 0.00036026066 | BH78: 0.0070089009 | BI78: 0.0013620949 | BJ78: 0.0073635025 | BK78: 0.0061935453 | BL78: 0.1258134 | BM78: 0.072369473 | BN78: 0.0026127894 | BO78: 0.055144487 | BP78: 0.052901927 | BQ78: 0.091257933 | BR78: 0.0033016276 | BS78: 0.0055946959 | BT78: 0.012113856 | BU78: 0.00047905268 | BV78: 0.012525329 | BW78: 0.0046641008 | BX78: 3.5505638e-06 | BY78: 0.025330956 | BZ78: 0.027382172

Sheet IMshareC
A1: Origin / destination | B1: ARG | C1: AUS | D1: AUT | E1: BEL | F1: BGD | G1: BGR | H1: BLR | I1: BRA | J1: BRN | K1: CAN | L1: CHE | M1: CHL | N1: CHN | O1: CIV | P1: CMR | Q1: COL | R1: CRI | S1: CYP | T1: CZE | U1: DEU | V1: DNK | W1: EGY | X1: ESP | Y1: EST | Z1: FIN | AA1: FRA | AB1: GBR | AC1: GRC | AD1: HKG | AE1: HRV | AF1: HUN | AG1: IDN | AH1: IND | AI1: IRL | AJ1: ISL | AK1: ISR | AL1: ITA | AM1: JOR | AN1: JPN | AO1: KAZ | AP1: KHM | AQ1: KOR | AR1: LAO | AS1: LTU | AT1: LUX | AU1: LVA | AV1: MAR | AW1: MEX | AX1: MLT | AY1: MMR | AZ1: MYS | BA1: NGA | BB1: NLD | BC1: NOR | BD1: NZL | BE1: PAK | BF1: PER | BG1: PHL | BH1: POL | BI1: PRT | BJ1: ROU | BK1: RUS | BL1: SAU | BM1: SEN | BN1: SGP | BO1: SVK | BP1: SVN | BQ1: SWE | BR1: THA | BS1: TUN | BT1: TUR | BU1: TWN | BV1: UKR | BW1: USA | BX1: VNM | BY1: ZAF | BZ1: ROW
A2: ARG | B2: 0 | C2: 4.6480371e-05 | D2: 0 | E2: 2.174375e-07 | F2: 0 | G2: 5.0262808e-06 | H2: 0 | I2: 0.00025894748 | J2: 0 | K2: 1.9486396e-05 | L2: 3.036904e-05 | M2: 0.004647448 | N2: 6.4130841e-08 | O2: 0 | P2: 0 | Q2: 0.0022618968 | R2: 9.7897071e-05 | S2: 0 | T2: 2.2041202e-07 | U2: 2.4217749e-07 | V2: 5.7478164e-05 | W2: 7.7868263e-05 | X2: 9.119623e-06 | Y2: 7.0243188e-06 | Z2: 5.2755204e-06 | AA2: 0.00051465958 | AB2: 0.00010769764 | AC2: 0 | AD2: 0 | AE2: 0 | AF2: 0 | AG2: 3.5393607e-06 | AH2: 2.4124592e-08 | AI2: 0 | AJ2: 0 | AK2: 0 | AL2: 3.3465642e-06 | AM2: 0 | AN2: 0 | AO2: 0 | AP2: 0 | AQ2: 0 | AR2: 0 | AS2: 1.2975681e-06 | AT2: 0 | AU2: 0 | AV2: 0 | AW2: 4.0454317e-06 | AX2: 0 | AY2: 0 | AZ2: 5.3539188e-08 | BA2: 0 | BB2: 1.1705366e-06 | BC2: 5.2860828e-06 | BD2: 0 | BE2: 0 | BF2: 0.008398727 | BG2: 5.3488397e-06 | BH2: 6.3289475e-06 | BI2: 3.6151395e-05 | BJ2: 3.0076166e-07 | BK2: 0 | BL2: 0 | BM2: 0 | BN2: 2.4773793e-09 | BO2: 1.2867268e-06 | BP2: 0 | BQ2: 1.3414491e-06 | BR2: 2.620565e-06 | BS2: 0 | BT2: 4.7406016e-07 | BU2: 2.822076e-08 | BV2: 0 | BW2: 4.6560752e-05 | BX2: 0 | BY2: 6.4861939e-06 | BZ2: 0.00052210877
A3: AUS | B3: 0.00013227752 | C3: 0 | D3: 0.00039465248 | E3: 3.8875978e-05 | F3: 2.3687236e-05 | G3: 1.2653017e-05 | H3: 0 | I3: 7.3892394e-05 | J3: 0.00048648138 | K3: 0.00079188175 | L3: 0.00037634694 | M3: 0.0043865582 | N3: 1.5795785e-05 | O3: 0.0071721111 | P3: 0 | Q3: 0.00047185736 | R3: 0.0010974103 | S3: 0 | T3: 3.6201525e-05 | U3: 8.2332102e-05 | V3: 0.0001322552 | W3: 0.00045618724 | X3: 0.00035863895 | Y3: 0.00017145387 | Z3: 0.00012333877 | AA3: 0.00025517403 | AB3: 0.00052626646 | AC3: 8.5809805e-05 | AD3: 5.4153759e-05 | AE3: 2.8497173e-05 | AF3: 1.9296236e-05 | AG3: 0.00076689077 | AH3: 0.0001556013 | AI3: 1.9680363e-05 | AJ3: 0.0001066513 | AK3: 0.000384646 | AL3: 4.8644203e-05 | AM3: 0.00044556636 | AN3: 5.2788592e-05 | AO3: 0.0058856422 | AP3: 8.5264832e-05 | AQ3: 4.2391869e-06 | AR3: 0.00037381066 | AS3: 7.9830477e-05 | AT3: 3.4984559e-06 | AU3: 0.0007051697 | AV3: 3.7402505e-05 | AW3: 0.00035697416 | AX3: 2.0366802e-05 | AY3: 0.00079730748 | AZ3: 0.00011565236 | BA3: 0.00046554949 | BB3: 0.00095320765 | BC3: 0.00032753909 | BD3: 0.040654926 | BE3: 0.0016391551 | BF3: 0.0026766955 | BG3: 6.6210058e-05 | BH3: 3.9333493e-05 | BI3: 1.4002229e-05 | BJ3: 5.6158778e-06 | BK3: 3.0169383e-06 | BL3: 0.00031982231 | BM3: 0.0038663013 | BN3: 2.9702509e-05 | BO3: 0.00021785303 | BP3: 0.00013447211 | BQ3: 0.00079047924 | BR3: 0.00067193863 | BS3: 9.7349047e-06 | BT3: 0.00011418406 | BU3: 2.5961355e-05 | BV3: 9.9808461e-06 | BW3: 0.00052319061 | BX3: 1.684436e-05 | BY3: 0.0090145496 | BZ3: 0.001160881
A4: AUT | B4: 0.0004578167 | C4: 0.01433284 | D4: 0 | E4: 0.00053784326 | F4: 6.3008055e-05 | G4: 0.027519446 | H4: 0.0017961656 | I4: 0.00087326157 | J4: 3.1283379e-05 | K4: 0.0015724727 | L4: 0.023685963 | M4: 0.0033350002 | N4: 0.0004739908 | O4: 0.0021330477 | P4: 0.00095117268 | Q4: 0.0018984911 | R4: 0.00038992795 | S4: 0.023537499 | T4: 0.0041803614 | U4: 0.0096147277 | V4: 0.012570563 | W4: 0.00083694017 | X4: 0.002659604 | Y4: 0.0011911807 | Z4: 0.0013349519 | AA4: 0.0026728012 | AB4: 0.0031510162 | AC4: 0.015104272 | AD4: 0.00022336225 | AE4: 0.020631581 | AF4: 0.011430361 | AG4: 0.0013793493 | AH4: 0.00020568635 | AI4: 0.00012557186 | AJ4: 0.012962126 | AK4: 0.0013042497 | AL4: 0.0092663115 | AM4: 0.0013859284 | AN4: 0.001677542 | AO4: 0.0063582461 | AP4: 7.4285281e-06 | AQ4: 0.00060898781 | AR4: 8.669774e-05 | AS4: 0.013051613 | AT4: 0.0012090907 | AU4: 0.00043347499 | AV4: 0.00085270759 | AW4: 0.0016089343 | AX4: 0.00015657476 | AY4: 0.0037184107 | AZ4: 0.0030602513 | BA4: 0.001813346 | BB4: 0.003144636 | BC4: 0.0021120225 | BD4: 0.0027514763 | BE4: 0.001893386 | BF4: 0.0014334236 | BG4: 0.0029402691 | BH4: 0.0040231367 | BI4: 0.0040137198 | BJ4: 0.020890865 | BK4: 0.0012318964 | BL4: 0.00075567888 | BM4: 0.00078612486 | BN4: 0.0010750257 | BO4: 0.010907079 | BP4: 0.010305365 | BQ4: 0.0064229182 | BR4: 0.0029586309 | BS4: 0.0046200962 | BT4: 0.0014791481 | BU4: 0.00026435968 | BV4: 0.0057011845 | BW4: 0.0026950867 | BX4: 0.00016633599 | BY4: 0.0095151829 | BZ4: 0.0063746524
A5: BEL | B5: 0.0026094769 | C5: 0.0021579308 | D5: 0.0072828362 | E5: 0 | F5: 4.5948099e-05 | G5: 0.031865386 | H5: 0.0014041051 | I5: 0.0014505662 | J5: 0.00054446561 | K5: 0.00080435372 | L5: 0.0054254219 | M5: 0.0056748118 | N5: 5.8019351e-05 | O5: 0.0026978245 | P5: 0.028800307 | Q5: 0.00069194562 | R5: 0.00026068787 | S5: 0.0076634792 | T5: 0.0058755955 | U5: 0.0059840194 | V5: 0.062729761 | W5: 0.0022850092 | X5: 0.0036417509 | Y5: 0.011995323 | Z5: 0.00098866403 | AA5: 0.023979667 | AB5: 0.0040519436 | AC5: 0.0088596528 | AD5: 0.00020233817 | AE5: 0.042867647 | AF5: 0.021117027 | AG5: 0.0001408838 | AH5: 0.00045784328 | AI5: 9.7358035e-05 | AJ5: 0.0051336578 | AK5: 0.044772626 | AL5: 0.052654236 | AM5: 0.00092584088 | AN5: 0.001322567 | AO5: 0.0041903251 | AP5: 4.2551874e-05 | AQ5: 0.00014029666 | AR5: 2.6285825e-06 | AS5: 0.058999652 | AT5: 0.054268451 | AU5: 0.016440601 | AV5: 0.00072373307 | AW5: 0.00030489532 | AX5: 8.1652263e-05 | AY5: 0.00025601691 | AZ5: 0.0014992544 | BA5: 0.0029547724 | BB5: 0.013278201 | BC5: 0.0024360152 | BD5: 0.00045465523 | BE5: 0.0027250521 | BF5: 0.0012942517 | BG5: 0.0053145197 | BH5: 0.0032604341 | BI5: 0.013047936 | BJ5: 0.032338806 | BK5: 0.0070599393 | BL5: 0.0027657443 | BM5: 0.0049112233 | BN5: 3.914183e-05 | BO5: 0.013890247 | BP5: 0.0058881146 | BQ5: 0.051493893 | BR5: 0.0027385062 | BS5: 0.00078653131 | BT5: 0.00066822576 | BU5: 0.00027894759 | BV5: 0.00021799569 | BW5: 0.00040987998 | BX5: 5.6524464e-06 | BY5: 0.00064959115 | BZ5: 0.0030818117
A6: BGD | B6: 0 | C6: 0 | D6: 9.3019709e-08 | E6: 0 | F6: 0 | G6: 0 | H6: 0 | I6: 0 | J6: 0 | K6: 8.6456473e-08 | L6: 1.5000974e-06 | M6: 6.9687934e-06 | N6: 2.8407384e-08 | O6: 0 | P6: 0 | Q6: 0 | R6: 0 | S6: 0 | T6: 3.629177e-08 | U6: 1.4421359e-07 | V6: 2.3889215e-06 | W6: 0 | X6: 0 | Y6: 3.4848131e-07 | Z6: 0 | AA6: 1.1905347e-07 | AB6: 2.063224e-06 | AC6: 7.9158152e-05 | AD6: 1.8458755e-07 | AE6: 5.0763054e-05 | AF6: 0 | AG6: 0 | AH6: 1.1198784e-07 | AI6: 4.7877614e-10 | AJ6: 0 | AK6: 0 | AL6: 2.8280357e-06 | AM6: 0 | AN6: 5.7062144e-08 | AO6: 0 | AP6: 0 | AQ6: 1.4591268e-08 | AR6: 0 | AS6: 0 | AT6: 0 | AU6: 0 | AV6: 0 | AW6: 0 | AX6: 0 | AY6: 0 | AZ6: 1.019473e-06 | BA6: 0 | BB6: 1.6245929e-08 | BC6: 0 | BD6: 0 | BE6: 8.3344773e-07 | BF6: 0 | BG6: 0 | BH6: 0 | BI6: 0 | BJ6: 0 | BK6: 0 | BL6: 0 | BM6: 0 | BN6: 4.8996609e-07 | BO6: 1.9015796e-08 | BP6: 0 | BQ6: 6.0974708e-08 | BR6: 3.0750052e-08 | BS6: 0 | BT6: 0 | BU6: 9.1034709e-09 | BV6: 0 | BW6: 3.6290773e-06 | BX6: 0 | BY6: 0 | BZ6: 3.8616069e-06
A7: BGR | B7: 0.00042619322 | C7: 0.00025296326 | D7: 0.0063269279 | E7: 0.0019172266 | F7: 1.0466094e-06 | G7: 0 | H7: 0.00032654584 | I7: 0.00022368198 | J7: 2.7067439e-05 | K7: 0.000417992 | L7: 0.0061469471 | M7: 0.00023626911 | N7: 5.7191261e-05 | O7: 0.0003236062 | P7: 0 | Q7: 0.00016459129 | R7: 6.7474551e-05 | S7: 4.3941117e-05 | T7: 0.00076901051 | U7: 0.0013407171 | V7: 0.007900763 | W7: 0.0013810012 | X7: 0.0006364751 | Y7: 0.00055212981 | Z7: 0.00050153542 | AA7: 0.00084726668 | AB7: 0.0032880759 | AC7: 0.022657053 | AD7: 0.00020929791 | AE7: 0.00084735426 | AF7: 0.00036753232 | AG7: 2.2191889e-06 | AH7: 0.00023315214 | AI7: 3.6476924e-05 | AJ7: 0.013734905 | AK7: 5.7844679e-05 | AL7: 0.004711401 | AM7: 5.3064623e-06 | AN7: 3.9471829e-05 | AO7: 0.0041014671 | AP7: 0 | AQ7: 5.1151839e-05 | AR7: 0 | AS7: 0.00056437006 | AT7: 0.00015267834 | AU7: 0.00030508041 | AV7: 0.00062235482 | AW7: 3.4408874e-05 | AX7: 5.2890239e-06 | AY7: 0.00020214882 | AZ7: 1.1239727e-05 | BA7: 9.4054728e-06 | BB7: 0.00028464846 | BC7: 0.00040213911 | BD7: 0.00038434686 | BE7: 0.00019895237 | BF7: 4.7938636e-05 | BG7: 0.0014668509 | BH7: 0.00059655614 | BI7: 0.0003221045 | BJ7: 0.0032756026 | BK7: 0.0001309484 | BL7: 0.00060131545 | BM7: 0 | BN7: 1.1720062e-05 | BO7: 9.9208981e-05 | BP7: 0.00049130755 | BQ7: 0.00028828956 | BR7: 1.7521336e-05 | BS7: 1.1805221e-05 | BT7: 0.0022449684 | BU7: 2.2013624e-05 | BV7: 0.00032694033 | BW7: 5.8069628e-05 | BX7: 1.6303329e-06 | BY7: 0.00036441163 | BZ7: 0.00071515446
A8: BLR | B8: 1.2236771e-05 | C8: 2.3726594e-06 | D8: 4.5935686e-08 | E8: 3.4657567e-06 | F8: 0 | G8: 2.8018252e-05 | H8: 0 | I8: 3.951195e-07 | J8: 0 | K8: 1.40576e-06 | L8: 0 | M8: 0 | N8: 2.6775716e-05 | O8: 0.00011893489 | P8: 0 | Q8: 0 | R8: 0 | S8: 0 | T8: 3.1985147e-07 | U8: 3.7722823e-06 | V8: 0 | W8: 3.2284465e-05 | X8: 5.157433e-08 | Y8: 5.3812631e-06 | Z8: 2.257454e-07 | AA8: 9.5432985e-07 | AB8: 2.3407716e-05 | AC8: 0 | AD8: 3.9427097e-06 | AE8: 0 | AF8: 1.9315237e-06 | AG8: 5.0022227e-08 | AH8: 2.8328947e-05 | AI8: 0 | AJ8: 0 | AK8: 4.2222393e-05 | AL8: 7.8011334e-07 | AM8: 0 | AN8: 3.1791764e-07 | AO8: 0.076557391 | AP8: 0 | AQ8: 7.0040015e-05 | AR8: 0 | AS8: 4.2522389e-05 | AT8: 0 | AU8: 0.00076420876 | AV8: 9.0135859e-07 | AW8: 0 | AX8: 0 | AY8: 0 | AZ8: 7.0483075e-07 | BA8: 0 | BB8: 8.2707272e-08 | BC8: 0 | BD8: 0.00019297041 | BE8: 0 | BF8: 0 | BG8: 0 | BH8: 4.5283589e-06 | BI8: 2.4204299e-09 | BJ8: 7.417121e-08 | BK8: 0 | BL8: 0 | BM8: 0 | BN8: 1.9807652e-07 | BO8: 1.6142189e-06 | BP8: 3.0156711e-06 | BQ8: 6.8901692e-06 | BR8: 9.9751626e-07 | BS8: 0 | BT8: 2.156559e-07 | BU8: 3.5635637e-06 | BV8: 0.00011019127 | BW8: 3.1853253e-07 | BX8: 0 | BY8: 0 | BZ8: 0.00038992414
A9: BRA | B9: 0.1283388 | C9: 0.00091137513 | D9: 6.4873736e-05 | E9: 7.5126523e-05 | F9: 1.7016035e-05 | G9: 1.8698127e-05 | H9: 1.5316366e-06 | I9: 0 | J9: 4.4603302e-05 | K9: 0.00081809806 | L9: 0.00013097948 | M9: 0.02543901 | N9: 9.162319e-06 | O9: 0.0010074927 | P9: 0.00051357402 | Q9: 0.067951032 | R9: 0.0044580287 | S9: 7.5395197e-05 | T9: 2.7613924e-05 | U9: 5.8039715e-05 | V9: 6.3628615e-05 | W9: 0.0029850276 | X9: 0.00046579232 | Y9: 3.2823624e-05 | Z9: 0.00052171092 | AA9: 0.00061403843 | AB9: 0.00031785113 | AC9: 0.00012657542 | AD9: 3.8509391e-05 | AE9: 0.00039564758 | AF9: 0.00047860197 | AG9: 0.00022555045 | AH9: 0.00038198154 | AI9: 1.8981318e-05 | AJ9: 5.9483786e-06 | AK9: 0.00026473441 | AL9: 0.00062209557 | AM9: 0.0056121464 | AN9: 1.4008755e-05 | AO9: 0.0005149103 | AP9: 7.932055e-07 | AQ9: 9.9601877e-06 | AR9: 1.7930821e-05 | AS9: 3.6470075e-05 | AT9: 0.0024108958 | AU9: 7.0573687e-06 | AV9: 8.69422e-05 | AW9: 0.00035172449 | AX9: 6.7562045e-06 | AY9: 0 | AZ9: 9.5215363e-06 | BA9: 1.7588701e-07 | BB9: 9.134501e-05 | BC9: 0.0024298503 | BD9: 0.00049567667 | BE9: 3.9087049e-05 | BF9: 0.037289313 | BG9: 0.00019374687 | BH9: 5.1279968e-05 | BI9: 0.0004479055 | BJ9: 7.7532113e-05 | BK9: 5.5762913e-05 | BL9: 0.00035896939 | BM9: 1.3218797e-05 | BN9: 3.5714872e-06 | BO9: 0.0002014499 | BP9: 4.9914249e-05 | BQ9: 0.00027828967 | BR9: 4.4326004e-05 | BS9: 0.00038544143 | BT9: 0.0010043759 | BU9: 6.0679349e-06 | BV9: 0.00027946661 | BW9: 0.00078288009 | BX9: 0.00025099977 | BY9: 0.0079251874 | BZ9: 0.0069753886
A10: BRN | B10: 0 | C10: 1.030768e-06 | D10: 0 | E10: 0 | F10: 0 | G10: 0 | H10: 0 | I10: 0 | J10: 0 | K10: 1.4372e-08 | L10: 0 | M10: 0 | N10: 1.9541596e-10 | O10: 0 | P10: 0 | Q10: 0 | R10: 0 | S10: 0 | T10: 0 | U10: 1.8214773e-08 | V10: 9.9790266e-09 | W10: 0 | X10: 0 | Y10: 0 | Z10: 0 | AA10: 1.368092e-06 | AB10: 0 | AC10: 0 | AD10: 3.5295687e-07 | AE10: 0 | AF10: 0 | AG10: 5.7629294e-09 | AH10: 0 | AI10: 0 | AJ10: 0 | AK10: 0 | AL10: 0 | AM10: 0 | AN10: 0 | AO10: 0 | AP10: 0 | AQ10: 0 | AR10: 0 | AS10: 0 | AT10: 0 | AU10: 0 | AV10: 5.0279413e-08 | AW10: 0 | AX10: 0 | AY10: 0 | AZ10: 1.8394327e-07 | BA10: 0 | BB10: 0 | BC10: 0 | BD10: 0 | BE10: 0 | BF10: 0 | BG10: 2.4261444e-08 | BH10: 0 | BI10: 0 | BJ10: 0 | BK10: 0 | BL10: 0 | BM10: 0 | BN10: 8.1265922e-08 | BO10: 0 | BP10: 0 | BQ10: 0 | BR10: 2.2820192e-08 | BS10: 0 | BT10: 0 | BU10: 0 | BV10: 0 | BW10: 1.2375236e-09 | BX10: 5.5469941e-09 | BY10: 0 | BZ10: 7.3085851e-05
A11: CAN | B11: 0.0023897572 | C11: 0.0218985 | D11: 0.00045465877 | E11: 0.00055604395 | F11: 0.00016628504 | G11: 0.00029302711 | H11: 0.00050444403 | I11: 0.0026346792 | J11: 0.0010051626 | K11: 0 | L11: 0.0012805527 | M11: 0.015661882 | N11: 0.00067580405 | O11: 0.0018512716 | P11: 0.00048832747 | Q11: 0.0049400484 | R11: 0.05030851 | S11: 0.00011334449 | T11: 0.0001945655 | U11: 0.001702298 | V11: 0.0019785267 | W11: 0.0015517344 | X11: 0.00075586742 | Y11: 0.0016567042 | Z11: 0.0011409541 | AA11: 0.001934549 | AB11: 0.0054057888 | AC11: 0.0002351455 | AD11: 0.00040742412 | AE11: 0.0016939423 | AF11: 0.00032576459 | AG11: 0.00019653549 | AH11: 0.00053798845 | AI11: 0.00030342402 | AJ11: 0.0098586143 | AK11: 0.00077815871 | AL11: 0.0015576091 | AM11: 0.0051913802 | AN11: 0.00051684531 | AO11: 0.0043556362 | AP11: 0.0028848757 | AQ11: 0.00052825556 | AR11: 1.3077932e-05 | AS11: 0.0010912848 | AT11: 0.0013856266 | AU11: 0.0014840364 | AV11: 0.0006939509 | AW11: 0.0046163554 | AX11: 0.0043980285 | AY11: 0.00047027345 | AZ11: 0.00036844203 | BA11: 0.00051084914 | BB11: 0.0052432486 | BC11: 0.0073117372 | BD11: 0.0095496006 | BE11: 0.0070351409 | BF11: 0.015255176 | BG11: 0.00028953376 | BH11: 0.0024275931 | BI11: 0.00038798983 | BJ11: 0.00030098196 | BK11: 0.001121539 | BL11: 0.010273616 | BM11: 0.00023989145 | BN11: 0.0011858079 | BO11: 0.00026615812 | BP11: 0.00049263907 | BQ11: 0.0088593552 | BR11: 0.0045177767 | BS11: 7.8247348e-05 | BT11: 0.0030790603 | BU11: 0.00091661037 | BV11: 0.00030644054 | BW11: 0.019260245 | BX11: 0.00015610609 | BY11: 0.0037565371 | BZ11: 0.0084889526
A12: CHE | B12: 0.0016320174 | C12: 0.0048166692 | D12: 0.01221254 | E12: 0.00082690607 | F12: 0.00032273177 | G12: 0.0028911445 | H12: 0.00097063199 | I12: 0.00092624797 | J12: 0.019065096 | K12: 0.0034679698 | L12: 0 | M12: 0.0029536849 | N12: 0.00039094355 | O12: 0.011204019 | P12: 0.0025381927 | Q12: 0.0066733022 | R12: 0.011212797 | S12: 0.0021797582 | T12: 0.0014594281 | U12: 0.0060644713 | V12: 0.0028395962 | W12: 0.0035886066 | X12: 0.0018667122 | Y12: 0.0014039108 | Z12: 0.0027824383 | AA12: 0.0086091667 | AB12: 0.0038183424 | AC12: 0.007650817 | AD12: 0.00021794035 | AE12: 0.0019017609 | AF12: 0.0024607532 | AG12: 0.00049801231 | AH12: 0.00038392363 | AI12: 0.00026937444 | AJ12: 0.0045763574 | AK12: 0.0032038352 | AL12: 0.0039635716 | AM12: 0.0020685472 | AN12: 0.00048888101 | AO12: 0.0093171107 | AP12: 0.00012997941 | AQ12: 0.0003820688 | AR12: 9.459859e-05 | AS12: 0.00091155964 | AT12: 0.011586179 | AU12: 0.00017023954 | AV12: 0.0027037736 | AW12: 0.00068995004 | AX12: 7.4644916e-05 | AY12: 0.00086454407 | AZ12: 0.0003480811 | BA12: 0.0014293257 | BB12: 0.0021637807 | BC12: 0.0056336149 | BD12: 0.0033604031 | BE12: 0.0032697113 | BF12: 0.0046843064 | BG12: 0.00081170595 | BH12: 0.0014690656 | BI12: 0.00069644248 | BJ12: 0.003424706 | BK12: 0.0012587737 | BL12: 0.0054547089 | BM12: 0.045417638 | BN12: 0.00029011417 | BO12: 0.0030150086 | BP12: 0.006375245 | BQ12: 0.0080877782 | BR12: 0.0020517866 | BS12: 0.001315673 | BT12: 0.0012723705 | BU12: 0.00020673545 | BV12: 0.0011283185 | BW12: 0.0017574815 | BX12: 0.0015634481 | BY12: 0.0057067214 | BZ12: 0.018886605
A13: CHL | B13: 2.823776e-05 | C13: 0.00017134336 | D13: 4.0986067e-06 | E13: 3.4261674e-09 | F13: 0 | G13: 0 | H13: 0 | I13: 7.3387716e-06 | J13: 0 | K13: 3.9601116e-05 | L13: 2.3233627e-06 | M13: 0 | N13: 1.5944998e-07 | O13: 6.7013385e-05 | P13: 0 | Q13: 9.7348328e-05 | R13: 0.00021669697 | S13: 0 | T13: 1.6089351e-07 | U13: 9.6933946e-06 | V13: 0.00012085352 | W13: 1.6664636e-06 | X13: 3.8746429e-05 | Y13: 0 | Z13: 2.9748049e-06 | AA13: 1.3460803e-05 | AB13: 6.3358443e-06 | AC13: 3.0973398e-05 | AD13: 0 | AE13: 3.7410286e-06 | AF13: 2.9650789e-07 | AG13: 0 | AH13: 5.8826684e-07 | AI13: 1.2597182e-06 | AJ13: 9.6819135e-05 | AK13: 0 | AL13: 5.1388679e-07 | AM13: 0 | AN13: 3.3897628e-07 | AO13: 0 | AP13: 0 | AQ13: 4.8370837e-08 | AR13: 0 | AS13: 0 | AT13: 0 | AU13: 0 | AV13: 7.8829228e-06 | AW13: 1.9876367e-05 | AX13: 0 | AY13: 0 | AZ13: 7.9422004e-08 | BA13: 0 | BB13: 6.3031404e-07 | BC13: 3.4273796e-05 | BD13: 0 | BE13: 0.00052145507 | BF13: 0.0066052947 | BG13: 0 | BH13: 5.6508066e-07 | BI13: 4.5990466e-08 | BJ13: 0 | BK13: 0 | BL13: 2.7981457e-07 | BM13: 0 | BN13: 1.2061012e-07 | BO13: 7.0780293e-08 | BP13: 0 | BQ13: 2.3170482e-06 | BR13: 2.5253303e-06 | BS13: 0 | BT13: 0 | BU13: 4.3651272e-07 | BV13: 9.5472887e-08 | BW13: 3.3240386e-05 | BX13: 0 | BY13: 8.7532086e-05 | BZ13: 8.1821635e-05
... A78: ROW | B78: 0.0018103403 | C78: 0.00088556434 | D78: 0.0029098117 | E78: 0.00031886732 | F78: 0.0017766425 | G78: 0.014231472 | H78: 0.049596683 | I78: 0.00050818166 | J78: 6.3300028e-05 | K78: 0.00040148263 | L78: 0.003957463 | M78: 0.056487775 | N78: 2.4990362e-05 | O78: 0.089552674 | P78: 0.038240487 | Q78: 0.00094651671 | R78: 0.0039222293 | S78: 0.0011966162 | T78: 0.0012482518 | U78: 0.00086677073 | V78: 0.001792901 | W78: 0.0067770962 | X78: 0.0032993171 | Y78: 0.0077757341 | Z78: 0.025817809 | AA78: 0.0011690275 | AB78: 0.0021663899 | AC78: 0.00039685822 | AD78: 0.0005330665 | AE78: 0.004529935 | AF78: 0.010734141 | AG78: 0.00044837666 | AH78: 0.0065141428 | AI78: 0.0001475222 | AJ78: 0.00083890596 | AK78: 0.00050202426 | AL78: 0.0026838732 | AM78: 0.0044833497 | AN78: 6.9152293e-05 | AO78: 9.2528757e-05 | AP78: 0 | AQ78: 0.033553115 | AR78: 0 | AS78: 0.00045084486 | AT78: 0.0074549772 | AU78: 0.00024098098 | AV78: 0.00055663232 | AW78: 7.0731836e-05 | AX78: 0.0001355244 | AY78: 0 | AZ78: 0.0043669586 | BA78: 0.0072689464 | BB78: 0.0023760117 | BC78: 0.00027909263 | BD78: 0.00046724745 | BE78: 0.04417027 | BF78: 0.0010801569 | BG78: 9.1938742e-06 | BH78: 0.0018969573 | BI78: 0.00014512357 | BJ78: 0.0008908585 | BK78: 0.02775035 | BL78: 0.39977305 | BM78: 0.014016941 | BN78: 5.9585793e-05 | BO78: 0.034662139 | BP78: 0.0029720021 | BQ78: 0.0027789943 | BR78: 0.00017218122 | BS78: 0.16545369 | BT78: 0.0026683194 | BU78: 6.9013584e-06 | BV78: 0.0025568383 | BW78: 0.00094835293 | BX78: 0.00030601853 | BY78: 0.0056664011 | BZ78: 0.027091555

Sheet Pi_T
A1: Origin / destination | B1: ARG | C1: AUS | D1: AUT | E1: BEL | F1: BGD | G1: BGR | H1: BLR | I1: BRA | J1: BRN | K1: CAN | L1: CHE | M1: CHL | N1: CHN | O1: CIV | P1: CMR | Q1: COL | R1: CRI | S1: CYP | T1: CZE | U1: DEU | V1: DNK | W1: EGY | X1: ESP | Y1: EST | Z1: FIN | AA1: FRA | AB1: GBR | AC1: GRC | AD1: HKG | AE1: HRV | AF1: HUN | AG1: IDN | AH1: IND | AI1: IRL | AJ1: ISL | AK1: ISR | AL1: ITA | AM1: JOR | AN1: JPN | AO1: KAZ | AP1: KHM | AQ1: KOR | AR1: LAO | AS1: LTU | AT1: LUX | AU1: LVA | AV1: MAR | AW1: MEX | AX1: MLT | AY1: MMR | AZ1: MYS | BA1: NGA | BB1: NLD | BC1: NOR | BD1: NZL | BE1: PAK | BF1: PER | BG1: PHL | BH1: POL | BI1: PRT | BJ1: ROU | BK1: RUS | BL1: SAU | BM1: SEN | BN1: SGP | BO1: SVK | BP1: SVN | BQ1: SWE | BR1: THA | BS1: TUN | BT1: TUR | BU1: TWN | BV1: UKR | BW1: USA | BX1: VNM | BY1: ZAF | BZ1: ROW
A2: ARG | B2: =IF($A2=B$1,0,IF(SUM(IMshareM!B$2:B$78)-IMshareM!B$2>0,IMshareM!B2/(SUM(IMshareM!B$2:B$78)-IMshareM!B$2),0)) -> 0 | C2: =IF($A2=C$1,0,IF(SUM(IMshareM!C$2:C$78)-IMshareM!C$3>0,IMshareM!C2/(SUM(IMshareM!C$2:C$78)-IMshareM!C$3),0)) -> 0 | D2: =IF($A2=D$1,0,IF(SUM(IMshareM!D$2:D$78)-IMshareM!D$4>0,IMshareM!D2/(SUM(IMshareM!D$2:D$78)-IMshareM!D$4),0)) -> 1.1955596e-07 | E2: =IF($A2=E$1,0,IF(SUM(IMshareM!E$2:E$78)-IMshareM!E$5>0,IMshareM!E2/(SUM(IMshareM!E$2:E$78)-IMshareM!E$5),0)) -> 8.7815508e-06 | F2: =IF($A2=F$1,0,IF(SUM(IMshareM!F$2:F$78)-IMshareM!F$6>0,IMshareM!F2/(SUM(IMshareM!F$2:F$78)-IMshareM!F$6),0)) -> 0 | G2: =IF($A2=G$1,0,IF(SUM(IMshareM!G$2:G$78)-IMshareM!G$7>0,IMshareM!G2/(SUM(IMshareM!G$2:G$78)-IMshareM!G$7),0)) -> 0 | H2: =IF($A2=H$1,0,IF(SUM(IMshareM!H$2:H$78)-IMshareM!H$8>0,IMshareM!H2/(SUM(IMshareM!H$2:H$78)-IMshareM!H$8),0)) -> 0 | I2: =IF($A2=I$1,0,IF(SUM(IMshareM!I$2:I$78)-IMshareM!I$9>0,IMshareM!I2/(SUM(IMshareM!I$2:I$78)-IMshareM!I$9),0)) -> 0.004102926 | J2: =IF($A2=J$1,0,IF(SUM(IMshareM!J$2:J$78)-IMshareM!J$10>0,IMshareM!J2/(SUM(IMshareM!J$2:J$78)-IMshareM!J$10),0)) -> 0 | K2: =IF($A2=K$1,0,IF(SUM(IMshareM!K$2:K$78)-IMshareM!K$11>0,IMshareM!K2/(SUM(IMshareM!K$2:K$78)-IMshareM!K$11),0)) -> 0.00030356165 | L2: =IF($A2=L$1,0,IF(SUM(IMshareM!L$2:L$78)-IMshareM!L$12>0,IMshareM!L2/(SUM(IMshareM!L$2:L$78)-IMshareM!L$12),0)) -> 3.5110919e-06 | M2: =IF($A2=M$1,0,IF(SUM(IMshareM!M$2:M$78)-IMshareM!M$13>0,IMshareM!M2/(SUM(IMshareM!M$2:M$78)-IMshareM!M$13),0)) -> 0.00054236243 | N2: =IF($A2=N$1,0,IF(SUM(IMshareM!N$2:N$78)-IMshareM!N$14>0,IMshareM!N2/(SUM(IMshareM!N$2:N$78)-IMshareM!N$14),0)) -> 1.4478428e-08 | O2: =IF($A2=O$1,0,IF(SUM(IMshareM!O$2:O$78)-IMshareM!O$15>0,IMshareM!O2/(SUM(IMshareM!O$2:O$78)-IMshareM!O$15),0)) -> 0 | P2: =IF($A2=P$1,0,IF(SUM(IMshareM!P$2:P$78)-IMshareM!P$16>0,IMshareM!P2/(SUM(IMshareM!P$2:P$78)-IMshareM!P$16),0)) -> 0 | Q2: =IF($A2=Q$1,0,IF(SUM(IMshareM!Q$2:Q$78)-IMshareM!Q$17>0,IMshareM!Q2/(SUM(IMshareM!Q$2:Q$78)-IMshareM!Q$17),0)) -> 0.0049809763 | R2: =IF($A2=R$1,0,IF(SUM(IMshareM!R$2:R$78)-IMshareM!R$18>0,IMshareM!R2/(SUM(IMshareM!R$2:R$78)-IMshareM!R$18),0)) -> 0.00034552016 | S2: =IF($A2=S$1,0,IF(SUM(IMshareM!S$2:S$78)-IMshareM!S$19>0,IMshareM!S2/(SUM(IMshareM!S$2:S$78)-IMshareM!S$19),0)) -> 0 | T2: =IF($A2=T$1,0,IF(SUM(IMshareM!T$2:T$78)-IMshareM!T$20>0,IMshareM!T2/(SUM(IMshareM!T$2:T$78)-IMshareM!T$20),0)) -> 3.0646654e-07 | U2: =IF($A2=U$1,0,IF(SUM(IMshareM!U$2:U$78)-IMshareM!U$21>0,IMshareM!U2/(SUM(IMshareM!U$2:U$78)-IMshareM!U$21),0)) -> 7.3716387e-06 | V2: =IF($A2=V$1,0,IF(SUM(IMshareM!V$2:V$78)-IMshareM!V$22>0,IMshareM!V2/(SUM(IMshareM!V$2:V$78)-IMshareM!V$22),0)) -> 0 | W2: =IF($A2=W$1,0,IF(SUM(IMshareM!W$2:W$78)-IMshareM!W$23>0,IMshareM!W2/(SUM(IMshareM!W$2:W$78)-IMshareM!W$23),0)) -> 0 | X2: =IF($A2=X$1,0,IF(SUM(IMshareM!X$2:X$78)-IMshareM!X$24>0,IMshareM!X2/(SUM(IMshareM!X$2:X$78)-IMshareM!X$24),0)) -> 2.7026574e-05 | Y2: =IF($A2=Y$1,0,IF(SUM(IMshareM!Y$2:Y$78)-IMshareM!Y$25>0,IMshareM!Y2/(SUM(IMshareM!Y$2:Y$78)-IMshareM!Y$25),0)) -> 4.4566353e-05 | Z2: =IF($A2=Z$1,0,IF(SUM(IMshareM!Z$2:Z$78)-IMshareM!Z$26>0,IMshareM!Z2/(SUM(IMshareM!Z$2:Z$78)-IMshareM!Z$26),0)) -> 3.1126537e-06 | AA2: =IF($A2=AA$1,0,IF(SUM(IMshareM!AA$2:AA$78)-IMshareM!AA$27>0,IMshareM!AA2/(SUM(IMshareM!AA$2:AA$78)-IMshareM!AA$27),0)) -> 8.7235043e-06 | AB2: =IF($A2=AB$1,0,IF(SUM(IMshareM!AB$2:AB$78)-IMshareM!AB$28>0,IMshareM!AB2/(SUM(IMshareM!AB$2:AB$78)-IMshareM!AB$28),0)) -> 7.8595337e-07 | AC2: =IF($A2=AC$1,0,IF(SUM(IMshareM!AC$2:AC$78)-IMshareM!AC$29>0,IMshareM!AC2/(SUM(IMshareM!AC$2:AC$78)-IMshareM!AC$29),0)) -> 0 | AD2: =IF($A2=AD$1,0,IF(SUM(IMshareM!AD$2:AD$78)-IMshareM!AD$30>0,IMshareM!AD2/(SUM(IMshareM!AD$2:AD$78)-IMshareM!AD$30),0)) -> 0 | AE2: =IF($A2=AE$1,0,IF(SUM(IMshareM!AE$2:AE$78)-IMshareM!AE$31>0,IMshareM!AE2/(SUM(IMshareM!AE$2:AE$78)-IMshareM!AE$31),0)) -> 0 | AF2: =IF($A2=AF$1,0,IF(SUM(IMshareM!AF$2:AF$78)-IMshareM!AF$32>0,IMshareM!AF2/(SUM(IMshareM!AF$2:AF$78)-IMshareM!AF$32),0)) -> 0 | AG2: =IF($A2=AG$1,0,IF(SUM(IMshareM!AG$2:AG$78)-IMshareM!AG$33>0,IMshareM!AG2/(SUM(IMshareM!AG$2:AG$78)-IMshareM!AG$33),0)) -> 7.9035287e-06 | AH2: =IF($A2=AH$1,0,IF(SUM(IMshareM!AH$2:AH$78)-IMshareM!AH$34>0,IMshareM!AH2/(SUM(IMshareM!AH$2:AH$78)-IMshareM!AH$34),0)) -> 6.5876186e-06 | AI2: =IF($A2=AI$1,0,IF(SUM(IMshareM!AI$2:AI$78)-IMshareM!AI$35>0,IMshareM!AI2/(SUM(IMshareM!AI$2:AI$78)-IMshareM!AI$35),0)) -> 0 | AJ2: =IF($A2=AJ$1,0,IF(SUM(IMshareM!AJ$2:AJ$78)-IMshareM!AJ$36>0,IMshareM!AJ2/(SUM(IMshareM!AJ$2:AJ$78)-IMshareM!AJ$36),0)) -> 0 | AK2: =IF($A2=AK$1,0,IF(SUM(IMshareM!AK$2:AK$78)-IMshareM!AK$37>0,IMshareM!AK2/(SUM(IMshareM!AK$2:AK$78)-IMshareM!AK$37),0)) -> 0 | AL2: =IF($A2=AL$1,0,IF(SUM(IMshareM!AL$2:AL$78)-IMshareM!AL$38>0,IMshareM!AL2/(SUM(IMshareM!AL$2:AL$78)-IMshareM!AL$38),0)) -> 2.2490497e-06 | AM2: =IF($A2=AM$1,0,IF(SUM(IMshareM!AM$2:AM$78)-IMshareM!AM$39>0,IMshareM!AM2/(SUM(IMshareM!AM$2:AM$78)-IMshareM!AM$39),0)) -> 0 | AN2: =IF($A2=AN$1,0,IF(SUM(IMshareM!AN$2:AN$78)-IMshareM!AN$40>0,IMshareM!AN2/(SUM(IMshareM!AN$2:AN$78)-IMshareM!AN$40),0)) -> 0 | AO2: =IF($A2=AO$1,0,IF(SUM(IMshareM!AO$2:AO$78)-IMshareM!AO$41>0,IMshareM!AO2/(SUM(IMshareM!AO$2:AO$78)-IMshareM!AO$41),0)) -> 0 | AP2: =IF($A2=AP$1,0,IF(SUM(IMshareM!AP$2:AP$78)-IMshareM!AP$42>0,IMshareM!AP2/(SUM(IMshareM!AP$2:AP$78)-IMshareM!AP$42),0)) -> 0 | AQ2: =IF($A2=AQ$1,0,IF(SUM(IMshareM!AQ$2:AQ$78)-IMshareM!AQ$43>0,IMshareM!AQ2/(SUM(IMshareM!AQ$2:AQ$78)-IMshareM!AQ$43),0)) -> 0 | AR2: =IF($A2=AR$1,0,IF(SUM(IMshareM!AR$2:AR$78)-IMshareM!AR$44>0,IMshareM!AR2/(SUM(IMshareM!AR$2:AR$78)-IMshareM!AR$44),0)) -> 0 | AS2: =IF($A2=AS$1,0,IF(SUM(IMshareM!AS$2:AS$78)-IMshareM!AS$45>0,IMshareM!AS2/(SUM(IMshareM!AS$2:AS$78)-IMshareM!AS$45),0)) -> 0 | AT2: =IF($A2=AT$1,0,IF(SUM(IMshareM!AT$2:AT$78)-IMshareM!AT$46>0,IMshareM!AT2/(SUM(IMshareM!AT$2:AT$78)-IMshareM!AT$46),0)) -> 0 | AU2: =IF($A2=AU$1,0,IF(SUM(IMshareM!AU$2:AU$78)-IMshareM!AU$47>0,IMshareM!AU2/(SUM(IMshareM!AU$2:AU$78)-IMshareM!AU$47),0)) -> 0 | AV2: =IF($A2=AV$1,0,IF(SUM(IMshareM!AV$2:AV$78)-IMshareM!AV$48>0,IMshareM!AV2/(SUM(IMshareM!AV$2:AV$78)-IMshareM!AV$48),0)) -> 0 | AW2: =IF($A2=AW$1,0,IF(SUM(IMshareM!AW$2:AW$78)-IMshareM!AW$49>0,IMshareM!AW2/(SUM(IMshareM!AW$2:AW$78)-IMshareM!AW$49),0)) -> 7.1690829e-06 | AX2: =IF($A2=AX$1,0,IF(SUM(IMshareM!AX$2:AX$78)-IMshareM!AX$50>0,IMshareM!AX2/(SUM(IMshareM!AX$2:AX$78)-IMshareM!AX$50),0)) -> 0 | AY2: =IF($A2=AY$1,0,IF(SUM(IMshareM!AY$2:AY$78)-IMshareM!AY$51>0,IMshareM!AY2/(SUM(IMshareM!AY$2:AY$78)-IMshareM!AY$51),0)) -> 0 | AZ2: =IF($A2=AZ$1,0,IF(SUM(IMshareM!AZ$2:AZ$78)-IMshareM!AZ$52>0,IMshareM!AZ2/(SUM(IMshareM!AZ$2:AZ$78)-IMshareM!AZ$52),0)) -> 0 | BA2: =IF($A2=BA$1,0,IF(SUM(IMshareM!BA$2:BA$78)-IMshareM!BA$53>0,IMshareM!BA2/(SUM(IMshareM!BA$2:BA$78)-IMshareM!BA$53),0)) -> 0 | BB2: =IF($A2=BB$1,0,IF(SUM(IMshareM!BB$2:BB$78)-IMshareM!BB$54>0,IMshareM!BB2/(SUM(IMshareM!BB$2:BB$78)-IMshareM!BB$54),0)) -> 4.6788e-07 | BC2: =IF($A2=BC$1,0,IF(SUM(IMshareM!BC$2:BC$78)-IMshareM!BC$55>0,IMshareM!BC2/(SUM(IMshareM!BC$2:BC$78)-IMshareM!BC$55),0)) -> 0 | BD2: =IF($A2=BD$1,0,IF(SUM(IMshareM!BD$2:BD$78)-IMshareM!BD$56>0,IMshareM!BD2/(SUM(IMshareM!BD$2:BD$78)-IMshareM!BD$56),0)) -> 1.0288196e-05 | BE2: =IF($A2=BE$1,0,IF(SUM(IMshareM!BE$2:BE$78)-IMshareM!BE$57>0,IMshareM!BE2/(SUM(IMshareM!BE$2:BE$78)-IMshareM!BE$57),0)) -> 0 | BF2: =IF($A2=BF$1,0,IF(SUM(IMshareM!BF$2:BF$78)-IMshareM!BF$58>0,IMshareM!BF2/(SUM(IMshareM!BF$2:BF$78)-IMshareM!BF$58),0)) -> 0.00047403852 | BG2: =IF($A2=BG$1,0,IF(SUM(IMshareM!BG$2:BG$78)-IMshareM!BG$59>0,IMshareM!BG2/(SUM(IMshareM!BG$2:BG$78)-IMshareM!BG$59),0)) -> 0 | BH2: =IF($A2=BH$1,0,IF(SUM(IMshareM!BH$2:BH$78)-IMshareM!BH$60>0,IMshareM!BH2/(SUM(IMshareM!BH$2:BH$78)-IMshareM!BH$60),0)) -> 0 | BI2: =IF($A2=BI$1,0,IF(SUM(IMshareM!BI$2:BI$78)-IMshareM!BI$61>0,IMshareM!BI2/(SUM(IMshareM!BI$2:BI$78)-IMshareM!BI$61),0)) -> 0 | BJ2: =IF($A2=BJ$1,0,IF(SUM(IMshareM!BJ$2:BJ$78)-IMshareM!BJ$62>0,IMshareM!BJ2/(SUM(IMshareM!BJ$2:BJ$78)-IMshareM!BJ$62),0)) -> 4.8352822e-07 | BK2: =IF($A2=BK$1,0,IF(SUM(IMshareM!BK$2:BK$78)-IMshareM!BK$63>0,IMshareM!BK2/(SUM(IMshareM!BK$2:BK$78)-IMshareM!BK$63),0)) -> 0 | BL2: =IF($A2=BL$1,0,IF(SUM(IMshareM!BL$2:BL$78)-IMshareM!BL$64>0,IMshareM!BL2/(SUM(IMshareM!BL$2:BL$78)-IMshareM!BL$64),0)) -> 0 | BM2: =IF($A2=BM$1,0,IF(SUM(IMshareM!BM$2:BM$78)-IMshareM!BM$65>0,IMshareM!BM2/(SUM(IMshareM!BM$2:BM$78)-IMshareM!BM$65),0)) -> 0 | BN2: =IF($A2=BN$1,0,IF(SUM(IMshareM!BN$2:BN$78)-IMshareM!BN$66>0,IMshareM!BN2/(SUM(IMshareM!BN$2:BN$78)-IMshareM!BN$66),0)) -> 0 | BO2: =IF($A2=BO$1,0,IF(SUM(IMshareM!BO$2:BO$78)-IMshareM!BO$67>0,IMshareM!BO2/(SUM(IMshareM!BO$2:BO$78)-IMshareM!BO$67),0)) -> 0 | BP2: =IF($A2=BP$1,0,IF(SUM(IMshareM!BP$2:BP$78)-IMshareM!BP$68>0,IMshareM!BP2/(SUM(IMshareM!BP$2:BP$78)-IMshareM!BP$68),0)) -> 0 | BQ2: =IF($A2=BQ$1,0,IF(SUM(IMshareM!BQ$2:BQ$78)-IMshareM!BQ$69>0,IMshareM!BQ2/(SUM(IMshareM!BQ$2:BQ$78)-IMshareM!BQ$69),0)) -> 1.2743219e-05 | BR2: =IF($A2=BR$1,0,IF(SUM(IMshareM!BR$2:BR$78)-IMshareM!BR$70>0,IMshareM!BR2/(SUM(IMshareM!BR$2:BR$78)-IMshareM!BR$70),0)) -> 4.8657078e-08 | BS2: =IF($A2=BS$1,0,IF(SUM(IMshareM!BS$2:BS$78)-IMshareM!BS$71>0,IMshareM!BS2/(SUM(IMshareM!BS$2:BS$78)-IMshareM!BS$71),0)) -> 0 | BT2: =IF($A2=BT$1,0,IF(SUM(IMshareM!BT$2:BT$78)-IMshareM!BT$72>0,IMshareM!BT2/(SUM(IMshareM!BT$2:BT$78)-IMshareM!BT$72),0)) -> 0 | BU2: =IF($A2=BU$1,0,IF(SUM(IMshareM!BU$2:BU$78)-IMshareM!BU$73>0,IMshareM!BU2/(SUM(IMshareM!BU$2:BU$78)-IMshareM!BU$73),0)) -> 1.0252428e-07 | BV2: =IF($A2=BV$1,0,IF(SUM(IMshareM!BV$2:BV$78)-IMshareM!BV$74>0,IMshareM!BV2/(SUM(IMshareM!BV$2:BV$78)-IMshareM!BV$74),0)) -> 3.2559444e-06 | BW2: =IF($A2=BW$1,0,IF(SUM(IMshareM!BW$2:BW$78)-IMshareM!BW$75>0,IMshareM!BW2/(SUM(IMshareM!BW$2:BW$78)-IMshareM!BW$75),0)) -> 2.5665577e-05 | BX2: =IF($A2=BX$1,0,IF(SUM(IMshareM!BX$2:BX$78)-IMshareM!BX$76>0,IMshareM!BX2/(SUM(IMshareM!BX$2:BX$78)-IMshareM!BX$76),0)) -> 0 | BY2: =IF($A2=BY$1,0,IF(SUM(IMshareM!BY$2:BY$78)-IMshareM!BY$77>0,IMshareM!BY2/(SUM(IMshareM!BY$2:BY$78)-IMshareM!BY$77),0)) -> 0 | BZ2: =IF($A2=BZ$1,0,IF(SUM(IMshareM!BZ$2:BZ$78)-IMshareM!BZ$78>0,IMshareM!BZ2/(SUM(IMshareM!BZ$2:BZ$78)-IMshareM!BZ$78),0)) -> 0.00019581396
A3: AUS | B3: =IF($A3=B$1,0,IF(SUM(IMshareM!B$2:B$78)-IMshareM!B$2>0,IMshareM!B3/(SUM(IMshareM!B$2:B$78)-IMshareM!B$2),0)) -> 6.987827e-05 | C3: =IF($A3=C$1,0,IF(SUM(IMshareM!C$2:C$78)-IMshareM!C$3>0,IMshareM!C3/(SUM(IMshareM!C$2:C$78)-IMshareM!C$3),0)) -> 0 | D3: =IF($A3=D$1,0,IF(SUM(IMshareM!D$2:D$78)-IMshareM!D$4>0,IMshareM!D3/(SUM(IMshareM!D$2:D$78)-IMshareM!D$4),0)) -> 3.6909523e-05 | E3: =IF($A3=E$1,0,IF(SUM(IMshareM!E$2:E$78)-IMshareM!E$5>0,IMshareM!E3/(SUM(IMshareM!E$2:E$78)-IMshareM!E$5),0)) -> 5.1713352e-05 | F3: =IF($A3=F$1,0,IF(SUM(IMshareM!F$2:F$78)-IMshareM!F$6>0,IMshareM!F3/(SUM(IMshareM!F$2:F$78)-IMshareM!F$6),0)) -> 1.2389209e-06 | G3: =IF($A3=G$1,0,IF(SUM(IMshareM!G$2:G$78)-IMshareM!G$7>0,IMshareM!G3/(SUM(IMshareM!G$2:G$78)-IMshareM!G$7),0)) -> 1.7075472e-05 | H3: =IF($A3=H$1,0,IF(SUM(IMshareM!H$2:H$78)-IMshareM!H$8>0,IMshareM!H3/(SUM(IMshareM!H$2:H$78)-IMshareM!H$8),0)) -> 0 | I3: =IF($A3=I$1,0,IF(SUM(IMshareM!I$2:I$78)-IMshareM!I$9>0,IMshareM!I3/(SUM(IMshareM!I$2:I$78)-IMshareM!I$9),0)) -> 0.00021274527 | J3: =IF($A3=J$1,0,IF(SUM(IMshareM!J$2:J$78)-IMshareM!J$10>0,IMshareM!J3/(SUM(IMshareM!J$2:J$78)-IMshareM!J$10),0)) -> 0.00086840822 | K3: =IF($A3=K$1,0,IF(SUM(IMshareM!K$2:K$78)-IMshareM!K$11>0,IMshareM!K3/(SUM(IMshareM!K$2:K$78)-IMshareM!K$11),0)) -> 0.0043814644 | L3: =IF($A3=L$1,0,IF(SUM(IMshareM!L$2:L$78)-IMshareM!L$12>0,IMshareM!L3/(SUM(IMshareM!L$2:L$78)-IMshareM!L$12),0)) -> 9.4830613e-05 | M3: =IF($A3=M$1,0,IF(SUM(IMshareM!M$2:M$78)-IMshareM!M$13>0,IMshareM!M3/(SUM(IMshareM!M$2:M$78)-IMshareM!M$13),0)) -> 7.6678652e-05 | N3: =IF($A3=N$1,0,IF(SUM(IMshareM!N$2:N$78)-IMshareM!N$14>0,IMshareM!N3/(SUM(IMshareM!N$2:N$78)-IMshareM!N$14),0)) -> 0.00027930843 | O3: =IF($A3=O$1,0,IF(SUM(IMshareM!O$2:O$78)-IMshareM!O$15>0,IMshareM!O3/(SUM(IMshareM!O$2:O$78)-IMshareM!O$15),0)) -> 0.0041361961 | P3: =IF($A3=P$1,0,IF(SUM(IMshareM!P$2:P$78)-IMshareM!P$16>0,IMshareM!P3/(SUM(IMshareM!P$2:P$78)-IMshareM!P$16),0)) -> 0.00020123083 | Q3: =IF($A3=Q$1,0,IF(SUM(IMshareM!Q$2:Q$78)-IMshareM!Q$17>0,IMshareM!Q3/(SUM(IMshareM!Q$2:Q$78)-IMshareM!Q$17),0)) -> 0.0018034949 | R3: =IF($A3=R$1,0,IF(SUM(IMshareM!R$2:R$78)-IMshareM!R$18>0,IMshareM!R3/(SUM(IMshareM!R$2:R$78)-IMshareM!R$18),0)) -> 0.00021380233 | S3: =IF($A3=S$1,0,IF(SUM(IMshareM!S$2:S$78)-IMshareM!S$19>0,IMshareM!S3/(SUM(IMshareM!S$2:S$78)-IMshareM!S$19),0)) -> 0.0021017034 | T3: =IF($A3=T$1,0,IF(SUM(IMshareM!T$2:T$78)-IMshareM!T$20>0,IMshareM!T3/(SUM(IMshareM!T$2:T$78)-IMshareM!T$20),0)) -> 6.6805874e-05 | U3: =IF($A3=U$1,0,IF(SUM(IMshareM!U$2:U$78)-IMshareM!U$21>0,IMshareM!U3/(SUM(IMshareM!U$2:U$78)-IMshareM!U$21),0)) -> 9.0509472e-05 | V3: =IF($A3=V$1,0,IF(SUM(IMshareM!V$2:V$78)-IMshareM!V$22>0,IMshareM!V3/(SUM(IMshareM!V$2:V$78)-IMshareM!V$22),0)) -> 0.00026791542 | W3: =IF($A3=W$1,0,IF(SUM(IMshareM!W$2:W$78)-IMshareM!W$23>0,IMshareM!W3/(SUM(IMshareM!W$2:W$78)-IMshareM!W$23),0)) -> 0.00097113859 | X3: =IF($A3=X$1,0,IF(SUM(IMshareM!X$2:X$78)-IMshareM!X$24>0,IMshareM!X3/(SUM(IMshareM!X$2:X$78)-IMshareM!X$24),0)) -> 0.00010518178 | Y3: =IF($A3=Y$1,0,IF(SUM(IMshareM!Y$2:Y$78)-IMshareM!Y$25>0,IMshareM!Y3/(SUM(IMshareM!Y$2:Y$78)-IMshareM!Y$25),0)) -> 0.0001907591 | Z3: =IF($A3=Z$1,0,IF(SUM(IMshareM!Z$2:Z$78)-IMshareM!Z$26>0,IMshareM!Z3/(SUM(IMshareM!Z$2:Z$78)-IMshareM!Z$26),0)) -> 0.0001534499 | AA3: =IF($A3=AA$1,0,IF(SUM(IMshareM!AA$2:AA$78)-IMshareM!AA$27>0,IMshareM!AA3/(SUM(IMshareM!AA$2:AA$78)-IMshareM!AA$27),0)) -> 9.8601368e-05 | AB3: =IF($A3=AB$1,0,IF(SUM(IMshareM!AB$2:AB$78)-IMshareM!AB$28>0,IMshareM!AB3/(SUM(IMshareM!AB$2:AB$78)-IMshareM!AB$28),0)) -> 0.0010505336 | AC3: =IF($A3=AC$1,0,IF(SUM(IMshareM!AC$2:AC$78)-IMshareM!AC$29>0,IMshareM!AC3/(SUM(IMshareM!AC$2:AC$78)-IMshareM!AC$29),0)) -> 0.0018535243 | AD3: =IF($A3=AD$1,0,IF(SUM(IMshareM!AD$2:AD$78)-IMshareM!AD$30>0,IMshareM!AD3/(SUM(IMshareM!AD$2:AD$78)-IMshareM!AD$30),0)) -> 1.5259609e-05 | AE3: =IF($A3=AE$1,0,IF(SUM(IMshareM!AE$2:AE$78)-IMshareM!AE$31>0,IMshareM!AE3/(SUM(IMshareM!AE$2:AE$78)-IMshareM!AE$31),0)) -> 0.00014703403 | AF3: =IF($A3=AF$1,0,IF(SUM(IMshareM!AF$2:AF$78)-IMshareM!AF$32>0,IMshareM!AF3/(SUM(IMshareM!AF$2:AF$78)-IMshareM!AF$32),0)) -> 3.7232076e-07 | AG3: =IF($A3=AG$1,0,IF(SUM(IMshareM!AG$2:AG$78)-IMshareM!AG$33>0,IMshareM!AG3/(SUM(IMshareM!AG$2:AG$78)-IMshareM!AG$33),0)) -> 0.0037330727 | AH3: =IF($A3=AH$1,0,IF(SUM(IMshareM!AH$2:AH$78)-IMshareM!AH$34>0,IMshareM!AH3/(SUM(IMshareM!AH$2:AH$78)-IMshareM!AH$34),0)) -> 0.00078896426 | AI3: =IF($A3=AI$1,0,IF(SUM(IMshareM!AI$2:AI$78)-IMshareM!AI$35>0,IMshareM!AI3/(SUM(IMshareM!AI$2:AI$78)-IMshareM!AI$35),0)) -> 0.0001106715 | AJ3: =IF($A3=AJ$1,0,IF(SUM(IMshareM!AJ$2:AJ$78)-IMshareM!AJ$36>0,IMshareM!AJ3/(SUM(IMshareM!AJ$2:AJ$78)-IMshareM!AJ$36),0)) -> 3.0304432e-05 | AK3: =IF($A3=AK$1,0,IF(SUM(IMshareM!AK$2:AK$78)-IMshareM!AK$37>0,IMshareM!AK3/(SUM(IMshareM!AK$2:AK$78)-IMshareM!AK$37),0)) -> 0.00027392877 | AL3: =IF($A3=AL$1,0,IF(SUM(IMshareM!AL$2:AL$78)-IMshareM!AL$38>0,IMshareM!AL3/(SUM(IMshareM!AL$2:AL$78)-IMshareM!AL$38),0)) -> 0.00016152931 | AM3: =IF($A3=AM$1,0,IF(SUM(IMshareM!AM$2:AM$78)-IMshareM!AM$39>0,IMshareM!AM3/(SUM(IMshareM!AM$2:AM$78)-IMshareM!AM$39),0)) -> 0 | AN3: =IF($A3=AN$1,0,IF(SUM(IMshareM!AN$2:AN$78)-IMshareM!AN$40>0,IMshareM!AN3/(SUM(IMshareM!AN$2:AN$78)-IMshareM!AN$40),0)) -> 0.00016223326 | AO3: =IF($A3=AO$1,0,IF(SUM(IMshareM!AO$2:AO$78)-IMshareM!AO$41>0,IMshareM!AO3/(SUM(IMshareM!AO$2:AO$78)-IMshareM!AO$41),0)) -> 7.9969936e-05 | AP3: =IF($A3=AP$1,0,IF(SUM(IMshareM!AP$2:AP$78)-IMshareM!AP$42>0,IMshareM!AP3/(SUM(IMshareM!AP$2:AP$78)-IMshareM!AP$42),0)) -> 0.00072070178 | AQ3: =IF($A3=AQ$1,0,IF(SUM(IMshareM!AQ$2:AQ$78)-IMshareM!AQ$43>0,IMshareM!AQ3/(SUM(IMshareM!AQ$2:AQ$78)-IMshareM!AQ$43),0)) -> 2.2795258e-05 | AR3: =IF($A3=AR$1,0,IF(SUM(IMshareM!AR$2:AR$78)-IMshareM!AR$44>0,IMshareM!AR3/(SUM(IMshareM!AR$2:AR$78)-IMshareM!AR$44),0)) -> 0.011688591 | AS3: =IF($A3=AS$1,0,IF(SUM(IMshareM!AS$2:AS$78)-IMshareM!AS$45>0,IMshareM!AS3/(SUM(IMshareM!AS$2:AS$78)-IMshareM!AS$45),0)) -> 4.5817966e-05 | AT3: =IF($A3=AT$1,0,IF(SUM(IMshareM!AT$2:AT$78)-IMshareM!AT$46>0,IMshareM!AT3/(SUM(IMshareM!AT$2:AT$78)-IMshareM!AT$46),0)) -> 4.3437525e-06 | AU3: =IF($A3=AU$1,0,IF(SUM(IMshareM!AU$2:AU$78)-IMshareM!AU$47>0,IMshareM!AU3/(SUM(IMshareM!AU$2:AU$78)-IMshareM!AU$47),0)) -> 0 | AV3: =IF($A3=AV$1,0,IF(SUM(IMshareM!AV$2:AV$78)-IMshareM!AV$48>0,IMshareM!AV3/(SUM(IMshareM!AV$2:AV$78)-IMshareM!AV$48),0)) -> 8.9661613e-06 | AW3: =IF($A3=AW$1,0,IF(SUM(IMshareM!AW$2:AW$78)-IMshareM!AW$49>0,IMshareM!AW3/(SUM(IMshareM!AW$2:AW$78)-IMshareM!AW$49),0)) -> 6.286419e-05 | AX3: =IF($A3=AX$1,0,IF(SUM(IMshareM!AX$2:AX$78)-IMshareM!AX$50>0,IMshareM!AX3/(SUM(IMshareM!AX$2:AX$78)-IMshareM!AX$50),0)) -> 5.6396534e-05 | AY3: =IF($A3=AY$1,0,IF(SUM(IMshareM!AY$2:AY$78)-IMshareM!AY$51>0,IMshareM!AY3/(SUM(IMshareM!AY$2:AY$78)-IMshareM!AY$51),0)) -> 0 | AZ3: =IF($A3=AZ$1,0,IF(SUM(IMshareM!AZ$2:AZ$78)-IMshareM!AZ$52>0,IMshareM!AZ3/(SUM(IMshareM!AZ$2:AZ$78)-IMshareM!AZ$52),0)) -> 0.00079511394 | BA3: =IF($A3=BA$1,0,IF(SUM(IMshareM!BA$2:BA$78)-IMshareM!BA$53>0,IMshareM!BA3/(SUM(IMshareM!BA$2:BA$78)-IMshareM!BA$53),0)) -> 0.00117869 | BB3: =IF($A3=BB$1,0,IF(SUM(IMshareM!BB$2:BB$78)-IMshareM!BB$54>0,IMshareM!BB3/(SUM(IMshareM!BB$2:BB$78)-IMshareM!BB$54),0)) -> 0.0069329234 | BC3: =IF($A3=BC$1,0,IF(SUM(IMshareM!BC$2:BC$78)-IMshareM!BC$55>0,IMshareM!BC3/(SUM(IMshareM!BC$2:BC$78)-IMshareM!BC$55),0)) -> 0.00011044004 | BD3: =IF($A3=BD$1,0,IF(SUM(IMshareM!BD$2:BD$78)-IMshareM!BD$56>0,IMshareM!BD3/(SUM(IMshareM!BD$2:BD$78)-IMshareM!BD$56),0)) -> 0.082656407 | BE3: =IF($A3=BE$1,0,IF(SUM(IMshareM!BE$2:BE$78)-IMshareM!BE$57>0,IMshareM!BE3/(SUM(IMshareM!BE$2:BE$78)-IMshareM!BE$57),0)) -> 0.0029636225 | BF3: =IF($A3=BF$1,0,IF(SUM(IMshareM!BF$2:BF$78)-IMshareM!BF$58>0,IMshareM!BF3/(SUM(IMshareM!BF$2:BF$78)-IMshareM!BF$58),0)) -> 0.0014608147 | BG3: =IF($A3=BG$1,0,IF(SUM(IMshareM!BG$2:BG$78)-IMshareM!BG$59>0,IMshareM!BG3/(SUM(IMshareM!BG$2:BG$78)-IMshareM!BG$59),0)) -> 0.0013755558 | BH3: =IF($A3=BH$1,0,IF(SUM(IMshareM!BH$2:BH$78)-IMshareM!BH$60>0,IMshareM!BH3/(SUM(IMshareM!BH$2:BH$78)-IMshareM!BH$60),0)) -> 0.00020999586 | BI3: =IF($A3=BI$1,0,IF(SUM(IMshareM!BI$2:BI$78)-IMshareM!BI$61>0,IMshareM!BI3/(SUM(IMshareM!BI$2:BI$78)-IMshareM!BI$61),0)) -> 9.5799089e-06 | BJ3: =IF($A3=BJ$1,0,IF(SUM(IMshareM!BJ$2:BJ$78)-IMshareM!BJ$62>0,IMshareM!BJ3/(SUM(IMshareM!BJ$2:BJ$78)-IMshareM!BJ$62),0)) -> 2.0546847e-05 | BK3: =IF($A3=BK$1,0,IF(SUM(IMshareM!BK$2:BK$78)-IMshareM!BK$63>0,IMshareM!BK3/(SUM(IMshareM!BK$2:BK$78)-IMshareM!BK$63),0)) -> 0.0016261551 | BL3: =IF($A3=BL$1,0,IF(SUM(IMshareM!BL$2:BL$78)-IMshareM!BL$64>0,IMshareM!BL3/(SUM(IMshareM!BL$2:BL$78)-IMshareM!BL$64),0)) -> 0.00086941349 | BM3: =IF($A3=BM$1,0,IF(SUM(IMshareM!BM$2:BM$78)-IMshareM!BM$65>0,IMshareM!BM3/(SUM(IMshareM!BM$2:BM$78)-IMshareM!BM$65),0)) -> 0.0017336304 | BN3: =IF($A3=BN$1,0,IF(SUM(IMshareM!BN$2:BN$78)-IMshareM!BN$66>0,IMshareM!BN3/(SUM(IMshareM!BN$2:BN$78)-IMshareM!BN$66),0)) -> 0.00082713275 | BO3: =IF($A3=BO$1,0,IF(SUM(IMshareM!BO$2:BO$78)-IMshareM!BO$67>0,IMshareM!BO3/(SUM(IMshareM!BO$2:BO$78)-IMshareM!BO$67),0)) -> 1.8861729e-06 | BP3: =IF($A3=BP$1,0,IF(SUM(IMshareM!BP$2:BP$78)-IMshareM!BP$68>0,IMshareM!BP3/(SUM(IMshareM!BP$2:BP$78)-IMshareM!BP$68),0)) -> 6.3039279e-05 | BQ3: =IF($A3=BQ$1,0,IF(SUM(IMshareM!BQ$2:BQ$78)-IMshareM!BQ$69>0,IMshareM!BQ3/(SUM(IMshareM!BQ$2:BQ$78)-IMshareM!BQ$69),0)) -> 0.0003511311 | BR3: =IF($A3=BR$1,0,IF(SUM(IMshareM!BR$2:BR$78)-IMshareM!BR$70>0,IMshareM!BR3/(SUM(IMshareM!BR$2:BR$78)-IMshareM!BR$70),0)) -> 0.0074851322 | BS3: =IF($A3=BS$1,0,IF(SUM(IMshareM!BS$2:BS$78)-IMshareM!BS$71>0,IMshareM!BS3/(SUM(IMshareM!BS$2:BS$78)-IMshareM!BS$71),0)) -> 5.5484039e-05 | BT3: =IF($A3=BT$1,0,IF(SUM(IMshareM!BT$2:BT$78)-IMshareM!BT$72>0,IMshareM!BT3/(SUM(IMshareM!BT$2:BT$78)-IMshareM!BT$72),0)) -> 3.8721514e-06 | BU3: =IF($A3=BU$1,0,IF(SUM(IMshareM!BU$2:BU$78)-IMshareM!BU$73>0,IMshareM!BU3/(SUM(IMshareM!BU$2:BU$78)-IMshareM!BU$73),0)) -> 0.00013028098 | BV3: =IF($A3=BV$1,0,IF(SUM(IMshareM!BV$2:BV$78)-IMshareM!BV$74>0,IMshareM!BV3/(SUM(IMshareM!BV$2:BV$78)-IMshareM!BV$74),0)) -> 0 | BW3: =IF($A3=BW$1,0,IF(SUM(IMshareM!BW$2:BW$78)-IMshareM!BW$75>0,IMshareM!BW3/(SUM(IMshareM!BW$2:BW$78)-IMshareM!BW$75),0)) -> 0.00059306399 | BX3: =IF($A3=BX$1,0,IF(SUM(IMshareM!BX$2:BX$78)-IMshareM!BX$76>0,IMshareM!BX3/(SUM(IMshareM!BX$2:BX$78)-IMshareM!BX$76),0)) -> 9.0752113e-05 | BY3: =IF($A3=BY$1,0,IF(SUM(IMshareM!BY$2:BY$78)-IMshareM!BY$77>0,IMshareM!BY3/(SUM(IMshareM!BY$2:BY$78)-IMshareM!BY$77),0)) -> 0.001072609 | BZ3: =IF($A3=BZ$1,0,IF(SUM(IMshareM!BZ$2:BZ$78)-IMshareM!BZ$78>0,IMshareM!BZ3/(SUM(IMshareM!BZ$2:BZ$78)-IMshareM!BZ$78),0)) -> 0.0020190816
A4: AUT | B4: =IF($A4=B$1,0,IF(SUM(IMshareM!B$2:B$78)-IMshareM!B$2>0,IMshareM!B4/(SUM(IMshareM!B$2:B$78)-IMshareM!B$2),0)) -> 0.0019989357 | C4: =IF($A4=C$1,0,IF(SUM(IMshareM!C$2:C$78)-IMshareM!C$3>0,IMshareM!C4/(SUM(IMshareM!C$2:C$78)-IMshareM!C$3),0)) -> 0.0025425628 | D4: =IF($A4=D$1,0,IF(SUM(IMshareM!D$2:D$78)-IMshareM!D$4>0,IMshareM!D4/(SUM(IMshareM!D$2:D$78)-IMshareM!D$4),0)) -> 0 | E4: =IF($A4=E$1,0,IF(SUM(IMshareM!E$2:E$78)-IMshareM!E$5>0,IMshareM!E4/(SUM(IMshareM!E$2:E$78)-IMshareM!E$5),0)) -> 0.0033592313 | F4: =IF($A4=F$1,0,IF(SUM(IMshareM!F$2:F$78)-IMshareM!F$6>0,IMshareM!F4/(SUM(IMshareM!F$2:F$78)-IMshareM!F$6),0)) -> 0.0017795156 | G4: =IF($A4=G$1,0,IF(SUM(IMshareM!G$2:G$78)-IMshareM!G$7>0,IMshareM!G4/(SUM(IMshareM!G$2:G$78)-IMshareM!G$7),0)) -> 0.015388249 | H4: =IF($A4=H$1,0,IF(SUM(IMshareM!H$2:H$78)-IMshareM!H$8>0,IMshareM!H4/(SUM(IMshareM!H$2:H$78)-IMshareM!H$8),0)) -> 0.020329908 | I4: =IF($A4=I$1,0,IF(SUM(IMshareM!I$2:I$78)-IMshareM!I$9>0,IMshareM!I4/(SUM(IMshareM!I$2:I$78)-IMshareM!I$9),0)) -> 0.0066398615 | J4: =IF($A4=J$1,0,IF(SUM(IMshareM!J$2:J$78)-IMshareM!J$10>0,IMshareM!J4/(SUM(IMshareM!J$2:J$78)-IMshareM!J$10),0)) -> 0.0004209223 | K4: =IF($A4=K$1,0,IF(SUM(IMshareM!K$2:K$78)-IMshareM!K$11>0,IMshareM!K4/(SUM(IMshareM!K$2:K$78)-IMshareM!K$11),0)) -> 0.0073288422 | L4: =IF($A4=L$1,0,IF(SUM(IMshareM!L$2:L$78)-IMshareM!L$12>0,IMshareM!L4/(SUM(IMshareM!L$2:L$78)-IMshareM!L$12),0)) -> 0.053370449 | M4: =IF($A4=M$1,0,IF(SUM(IMshareM!M$2:M$78)-IMshareM!M$13>0,IMshareM!M4/(SUM(IMshareM!M$2:M$78)-IMshareM!M$13),0)) -> 0.00027656798 | N4: =IF($A4=N$1,0,IF(SUM(IMshareM!N$2:N$78)-IMshareM!N$14>0,IMshareM!N4/(SUM(IMshareM!N$2:N$78)-IMshareM!N$14),0)) -> 0.012685769 | O4: =IF($A4=O$1,0,IF(SUM(IMshareM!O$2:O$78)-IMshareM!O$15>0,IMshareM!O4/(SUM(IMshareM!O$2:O$78)-IMshareM!O$15),0)) -> 0.00051463007 | P4: =IF($A4=P$1,0,IF(SUM(IMshareM!P$2:P$78)-IMshareM!P$16>0,IMshareM!P4/(SUM(IMshareM!P$2:P$78)-IMshareM!P$16),0)) -> 0.00015526296 | Q4: =IF($A4=Q$1,0,IF(SUM(IMshareM!Q$2:Q$78)-IMshareM!Q$17>0,IMshareM!Q4/(SUM(IMshareM!Q$2:Q$78)-IMshareM!Q$17),0)) -> 0.00065933792 | R4: =IF($A4=R$1,0,IF(SUM(IMshareM!R$2:R$78)-IMshareM!R$18>0,IMshareM!R4/(SUM(IMshareM!R$2:R$78)-IMshareM!R$18),0)) -> 0.0027284182 | S4: =IF($A4=S$1,0,IF(SUM(IMshareM!S$2:S$78)-IMshareM!S$19>0,IMshareM!S4/(SUM(IMshareM!S$2:S$78)-IMshareM!S$19),0)) -> 0.0019251156 | T4: =IF($A4=T$1,0,IF(SUM(IMshareM!T$2:T$78)-IMshareM!T$20>0,IMshareM!T4/(SUM(IMshareM!T$2:T$78)-IMshareM!T$20),0)) -> 0.022762997 | U4: =IF($A4=U$1,0,IF(SUM(IMshareM!U$2:U$78)-IMshareM!U$21>0,IMshareM!U4/(SUM(IMshareM!U$2:U$78)-IMshareM!U$21),0)) -> 0.022223379 | V4: =IF($A4=V$1,0,IF(SUM(IMshareM!V$2:V$78)-IMshareM!V$22>0,IMshareM!V4/(SUM(IMshareM!V$2:V$78)-IMshareM!V$22),0)) -> 0.010578969 | W4: =IF($A4=W$1,0,IF(SUM(IMshareM!W$2:W$78)-IMshareM!W$23>0,IMshareM!W4/(SUM(IMshareM!W$2:W$78)-IMshareM!W$23),0)) -> 0.00080544001 | X4: =IF($A4=X$1,0,IF(SUM(IMshareM!X$2:X$78)-IMshareM!X$24>0,IMshareM!X4/(SUM(IMshareM!X$2:X$78)-IMshareM!X$24),0)) -> 0.028394145 | Y4: =IF($A4=Y$1,0,IF(SUM(IMshareM!Y$2:Y$78)-IMshareM!Y$25>0,IMshareM!Y4/(SUM(IMshareM!Y$2:Y$78)-IMshareM!Y$25),0)) -> 0.0058454929 | Z4: =IF($A4=Z$1,0,IF(SUM(IMshareM!Z$2:Z$78)-IMshareM!Z$26>0,IMshareM!Z4/(SUM(IMshareM!Z$2:Z$78)-IMshareM!Z$26),0)) -> 0.025628536 | AA4: =IF($A4=AA$1,0,IF(SUM(IMshareM!AA$2:AA$78)-IMshareM!AA$27>0,IMshareM!AA4/(SUM(IMshareM!AA$2:AA$78)-IMshareM!AA$27),0)) -> 0.0067824909 | AB4: =IF($A4=AB$1,0,IF(SUM(IMshareM!AB$2:AB$78)-IMshareM!AB$28>0,IMshareM!AB4/(SUM(IMshareM!AB$2:AB$78)-IMshareM!AB$28),0)) -> 0.017402593 | AC4: =IF($A4=AC$1,0,IF(SUM(IMshareM!AC$2:AC$78)-IMshareM!AC$29>0,IMshareM!AC4/(SUM(IMshareM!AC$2:AC$78)-IMshareM!AC$29),0)) -> 0.0074512057 | AD4: =IF($A4=AD$1,0,IF(SUM(IMshareM!AD$2:AD$78)-IMshareM!AD$30>0,IMshareM!AD4/(SUM(IMshareM!AD$2:AD$78)-IMshareM!AD$30),0)) -> 0.00011958251 | AE4: =IF($A4=AE$1,0,IF(SUM(IMshareM!AE$2:AE$78)-IMshareM!AE$31>0,IMshareM!AE4/(SUM(IMshareM!AE$2:AE$78)-IMshareM!AE$31),0)) -> 0.14644816 | AF4: =IF($A4=AF$1,0,IF(SUM(IMshareM!AF$2:AF$78)-IMshareM!AF$32>0,IMshareM!AF4/(SUM(IMshareM!AF$2:AF$78)-IMshareM!AF$32),0)) -> 0.054572659 | AG4: =IF($A4=AG$1,0,IF(SUM(IMshareM!AG$2:AG$78)-IMshareM!AG$33>0,IMshareM!AG4/(SUM(IMshareM!AG$2:AG$78)-IMshareM!AG$33),0)) -> 0.00063494418 | AH4: =IF($A4=AH$1,0,IF(SUM(IMshareM!AH$2:AH$78)-IMshareM!AH$34>0,IMshareM!AH4/(SUM(IMshareM!AH$2:AH$78)-IMshareM!AH$34),0)) -> 0.0057717474 | AI4: =IF($A4=AI$1,0,IF(SUM(IMshareM!AI$2:AI$78)-IMshareM!AI$35>0,IMshareM!AI4/(SUM(IMshareM!AI$2:AI$78)-IMshareM!AI$35),0)) -> 0.00062397407 | AJ4: =IF($A4=AJ$1,0,IF(SUM(IMshareM!AJ$2:AJ$78)-IMshareM!AJ$36>0,IMshareM!AJ4/(SUM(IMshareM!AJ$2:AJ$78)-IMshareM!AJ$36),0)) -> 0.075050324 | AK4: =IF($A4=AK$1,0,IF(SUM(IMshareM!AK$2:AK$78)-IMshareM!AK$37>0,IMshareM!AK4/(SUM(IMshareM!AK$2:AK$78)-IMshareM!AK$37),0)) -> 0.0048211464 | AL4: =IF($A4=AL$1,0,IF(SUM(IMshareM!AL$2:AL$78)-IMshareM!AL$38>0,IMshareM!AL4/(SUM(IMshareM!AL$2:AL$78)-IMshareM!AL$38),0)) -> 0.014831635 | AM4: =IF($A4=AM$1,0,IF(SUM(IMshareM!AM$2:AM$78)-IMshareM!AM$39>0,IMshareM!AM4/(SUM(IMshareM!AM$2:AM$78)-IMshareM!AM$39),0)) -> 0.0039141242 | AN4: =IF($A4=AN$1,0,IF(SUM(IMshareM!AN$2:AN$78)-IMshareM!AN$40>0,IMshareM!AN4/(SUM(IMshareM!AN$2:AN$78)-IMshareM!AN$40),0)) -> 0.0013265227 | AO4: =IF($A4=AO$1,0,IF(SUM(IMshareM!AO$2:AO$78)-IMshareM!AO$41>0,IMshareM!AO4/(SUM(IMshareM!AO$2:AO$78)-IMshareM!AO$41),0)) -> 0.0018562545 | AP4: =IF($A4=AP$1,0,IF(SUM(IMshareM!AP$2:AP$78)-IMshareM!AP$42>0,IMshareM!AP4/(SUM(IMshareM!AP$2:AP$78)-IMshareM!AP$42),0)) -> 0.00079999982 | AQ4: =IF($A4=AQ$1,0,IF(SUM(IMshareM!AQ$2:AQ$78)-IMshareM!AQ$43>0,IMshareM!AQ4/(SUM(IMshareM!AQ$2:AQ$78)-IMshareM!AQ$43),0)) -> 0.0015277067 | AR4: =IF($A4=AR$1,0,IF(SUM(IMshareM!AR$2:AR$78)-IMshareM!AR$44>0,IMshareM!AR4/(SUM(IMshareM!AR$2:AR$78)-IMshareM!AR$44),0)) -> 0 | AS4: =IF($A4=AS$1,0,IF(SUM(IMshareM!AS$2:AS$78)-IMshareM!AS$45>0,IMshareM!AS4/(SUM(IMshareM!AS$2:AS$78)-IMshareM!AS$45),0)) -> 0.0063991277 | AT4: =IF($A4=AT$1,0,IF(SUM(IMshareM!AT$2:AT$78)-IMshareM!AT$46>0,IMshareM!AT4/(SUM(IMshareM!AT$2:AT$78)-IMshareM!AT$46),0)) -> 0.0010062455 | AU4: =IF($A4=AU$1,0,IF(SUM(IMshareM!AU$2:AU$78)-IMshareM!AU$47>0,IMshareM!AU4/(SUM(IMshareM!AU$2:AU$78)-IMshareM!AU$47),0)) -> 0.013154866 | AV4: =IF($A4=AV$1,0,IF(SUM(IMshareM!AV$2:AV$78)-IMshareM!AV$48>0,IMshareM!AV4/(SUM(IMshareM!AV$2:AV$78)-IMshareM!AV$48),0)) -> 0.0046800046 | AW4: =IF($A4=AW$1,0,IF(SUM(IMshareM!AW$2:AW$78)-IMshareM!AW$49>0,IMshareM!AW4/(SUM(IMshareM!AW$2:AW$78)-IMshareM!AW$49),0)) -> 0.0061618687 | AX4: =IF($A4=AX$1,0,IF(SUM(IMshareM!AX$2:AX$78)-IMshareM!AX$50>0,IMshareM!AX4/(SUM(IMshareM!AX$2:AX$78)-IMshareM!AX$50),0)) -> 0.00039375803 | AY4: =IF($A4=AY$1,0,IF(SUM(IMshareM!AY$2:AY$78)-IMshareM!AY$51>0,IMshareM!AY4/(SUM(IMshareM!AY$2:AY$78)-IMshareM!AY$51),0)) -> 0.00042080799 | AZ4: =IF($A4=AZ$1,0,IF(SUM(IMshareM!AZ$2:AZ$78)-IMshareM!AZ$52>0,IMshareM!AZ4/(SUM(IMshareM!AZ$2:AZ$78)-IMshareM!AZ$52),0)) -> 0.0013769722 | BA4: =IF($A4=BA$1,0,IF(SUM(IMshareM!BA$2:BA$78)-IMshareM!BA$53>0,IMshareM!BA4/(SUM(IMshareM!BA$2:BA$78)-IMshareM!BA$53),0)) -> 0.0016418077 | BB4: =IF($A4=BB$1,0,IF(SUM(IMshareM!BB$2:BB$78)-IMshareM!BB$54>0,IMshareM!BB4/(SUM(IMshareM!BB$2:BB$78)-IMshareM!BB$54),0)) -> 0.0036395927 | BC4: =IF($A4=BC$1,0,IF(SUM(IMshareM!BC$2:BC$78)-IMshareM!BC$55>0,IMshareM!BC4/(SUM(IMshareM!BC$2:BC$78)-IMshareM!BC$55),0)) -> 0.0096560015 | BD4: =IF($A4=BD$1,0,IF(SUM(IMshareM!BD$2:BD$78)-IMshareM!BD$56>0,IMshareM!BD4/(SUM(IMshareM!BD$2:BD$78)-IMshareM!BD$56),0)) -> 0.0099062599 | BE4: =IF($A4=BE$1,0,IF(SUM(IMshareM!BE$2:BE$78)-IMshareM!BE$57>0,IMshareM!BE4/(SUM(IMshareM!BE$2:BE$78)-IMshareM!BE$57),0)) -> 0.00059249896 | BF4: =IF($A4=BF$1,0,IF(SUM(IMshareM!BF$2:BF$78)-IMshareM!BF$58>0,IMshareM!BF4/(SUM(IMshareM!BF$2:BF$78)-IMshareM!BF$58),0)) -> 0.0037739503 | BG4: =IF($A4=BG$1,0,IF(SUM(IMshareM!BG$2:BG$78)-IMshareM!BG$59>0,IMshareM!BG4/(SUM(IMshareM!BG$2:BG$78)-IMshareM!BG$59),0)) -> 0.00022989481 | BH4: =IF($A4=BH$1,0,IF(SUM(IMshareM!BH$2:BH$78)-IMshareM!BH$60>0,IMshareM!BH4/(SUM(IMshareM!BH$2:BH$78)-IMshareM!BH$60),0)) -> 0.0098863554 | BI4: =IF($A4=BI$1,0,IF(SUM(IMshareM!BI$2:BI$78)-IMshareM!BI$61>0,IMshareM!BI4/(SUM(IMshareM!BI$2:BI$78)-IMshareM!BI$61),0)) -> 0.0028171022 | BJ4: =IF($A4=BJ$1,0,IF(SUM(IMshareM!BJ$2:BJ$78)-IMshareM!BJ$62>0,IMshareM!BJ4/(SUM(IMshareM!BJ$2:BJ$78)-IMshareM!BJ$62),0)) -> 0.050390781 | BK4: =IF($A4=BK$1,0,IF(SUM(IMshareM!BK$2:BK$78)-IMshareM!BK$63>0,IMshareM!BK4/(SUM(IMshareM!BK$2:BK$78)-IMshareM!BK$63),0)) -> 0.001551077 | BL4: =IF($A4=BL$1,0,IF(SUM(IMshareM!BL$2:BL$78)-IMshareM!BL$64>0,IMshareM!BL4/(SUM(IMshareM!BL$2:BL$78)-IMshareM!BL$64),0)) -> 0.0016025195 | BM4: =IF($A4=BM$1,0,IF(SUM(IMshareM!BM$2:BM$78)-IMshareM!BM$65>0,IMshareM!BM4/(SUM(IMshareM!BM$2:BM$78)-IMshareM!BM$65),0)) -> 8.146777e-05 | BN4: =IF($A4=BN$1,0,IF(SUM(IMshareM!BN$2:BN$78)-IMshareM!BN$66>0,IMshareM!BN4/(SUM(IMshareM!BN$2:BN$78)-IMshareM!BN$66),0)) -> 0.0019517356 | BO4: =IF($A4=BO$1,0,IF(SUM(IMshareM!BO$2:BO$78)-IMshareM!BO$67>0,IMshareM!BO4/(SUM(IMshareM!BO$2:BO$78)-IMshareM!BO$67),0)) -> 0.020191105 | BP4: =IF($A4=BP$1,0,IF(SUM(IMshareM!BP$2:BP$78)-IMshareM!BP$68>0,IMshareM!BP4/(SUM(IMshareM!BP$2:BP$78)-IMshareM!BP$68),0)) -> 0.040525392 | BQ4: =IF($A4=BQ$1,0,IF(SUM(IMshareM!BQ$2:BQ$78)-IMshareM!BQ$69>0,IMshareM!BQ4/(SUM(IMshareM!BQ$2:BQ$78)-IMshareM!BQ$69),0)) -> 0.0043623364 | BR4: =IF($A4=BR$1,0,IF(SUM(IMshareM!BR$2:BR$78)-IMshareM!BR$70>0,IMshareM!BR4/(SUM(IMshareM!BR$2:BR$78)-IMshareM!BR$70),0)) -> 0.0011395119 | BS4: =IF($A4=BS$1,0,IF(SUM(IMshareM!BS$2:BS$78)-IMshareM!BS$71>0,IMshareM!BS4/(SUM(IMshareM!BS$2:BS$78)-IMshareM!BS$71),0)) -> 0.0017623671 | BT4: =IF($A4=BT$1,0,IF(SUM(IMshareM!BT$2:BT$78)-IMshareM!BT$72>0,IMshareM!BT4/(SUM(IMshareM!BT$2:BT$78)-IMshareM!BT$72),0)) -> 0.0083414577 | BU4: =IF($A4=BU$1,0,IF(SUM(IMshareM!BU$2:BU$78)-IMshareM!BU$73>0,IMshareM!BU4/(SUM(IMshareM!BU$2:BU$78)-IMshareM!BU$73),0)) -> 0.0015846642 | BV4: =IF($A4=BV$1,0,IF(SUM(IMshareM!BV$2:BV$78)-IMshareM!BV$74>0,IMshareM!BV4/(SUM(IMshareM!BV$2:BV$78)-IMshareM!BV$74),0)) -> 0.0033853152 | BW4: =IF($A4=BW$1,0,IF(SUM(IMshareM!BW$2:BW$78)-IMshareM!BW$75>0,IMshareM!BW4/(SUM(IMshareM!BW$2:BW$78)-IMshareM!BW$75),0)) -> 0.0074214032 | BX4: =IF($A4=BX$1,0,IF(SUM(IMshareM!BX$2:BX$78)-IMshareM!BX$76>0,IMshareM!BX4/(SUM(IMshareM!BX$2:BX$78)-IMshareM!BX$76),0)) -> 0.0012384241 | BY4: =IF($A4=BY$1,0,IF(SUM(IMshareM!BY$2:BY$78)-IMshareM!BY$77>0,IMshareM!BY4/(SUM(IMshareM!BY$2:BY$78)-IMshareM!BY$77),0)) -> 0.0061763203 | BZ4: =IF($A4=BZ$1,0,IF(SUM(IMshareM!BZ$2:BZ$78)-IMshareM!BZ$78>0,IMshareM!BZ4/(SUM(IMshareM!BZ$2:BZ$78)-IMshareM!BZ$78),0)) -> 0.006817987
A5: BEL | B5: =IF($A5=B$1,0,IF(SUM(IMshareM!B$2:B$78)-IMshareM!B$2>0,IMshareM!B5/(SUM(IMshareM!B$2:B$78)-IMshareM!B$2),0)) -> 0.00016790762 | C5: =IF($A5=C$1,0,IF(SUM(IMshareM!C$2:C$78)-IMshareM!C$3>0,IMshareM!C5/(SUM(IMshareM!C$2:C$78)-IMshareM!C$3),0)) -> 0.0016553715 | D5: =IF($A5=D$1,0,IF(SUM(IMshareM!D$2:D$78)-IMshareM!D$4>0,IMshareM!D5/(SUM(IMshareM!D$2:D$78)-IMshareM!D$4),0)) -> 0.00029797629 | E5: =IF($A5=E$1,0,IF(SUM(IMshareM!E$2:E$78)-IMshareM!E$5>0,IMshareM!E5/(SUM(IMshareM!E$2:E$78)-IMshareM!E$5),0)) -> 0 | F5: =IF($A5=F$1,0,IF(SUM(IMshareM!F$2:F$78)-IMshareM!F$6>0,IMshareM!F5/(SUM(IMshareM!F$2:F$78)-IMshareM!F$6),0)) -> 0.0015126064 | G5: =IF($A5=G$1,0,IF(SUM(IMshareM!G$2:G$78)-IMshareM!G$7>0,IMshareM!G5/(SUM(IMshareM!G$2:G$78)-IMshareM!G$7),0)) -> 0.0015819992 | H5: =IF($A5=H$1,0,IF(SUM(IMshareM!H$2:H$78)-IMshareM!H$8>0,IMshareM!H5/(SUM(IMshareM!H$2:H$78)-IMshareM!H$8),0)) -> 0.00031652062 | I5: =IF($A5=I$1,0,IF(SUM(IMshareM!I$2:I$78)-IMshareM!I$9>0,IMshareM!I5/(SUM(IMshareM!I$2:I$78)-IMshareM!I$9),0)) -> 0.0024112748 | J5: =IF($A5=J$1,0,IF(SUM(IMshareM!J$2:J$78)-IMshareM!J$10>0,IMshareM!J5/(SUM(IMshareM!J$2:J$78)-IMshareM!J$10),0)) -> 0.00017761992 | K5: =IF($A5=K$1,0,IF(SUM(IMshareM!K$2:K$78)-IMshareM!K$11>0,IMshareM!K5/(SUM(IMshareM!K$2:K$78)-IMshareM!K$11),0)) -> 0.00025468414 | L5: =IF($A5=L$1,0,IF(SUM(IMshareM!L$2:L$78)-IMshareM!L$12>0,IMshareM!L5/(SUM(IMshareM!L$2:L$78)-IMshareM!L$12),0)) -> 0.0023879632 | M5: =IF($A5=M$1,0,IF(SUM(IMshareM!M$2:M$78)-IMshareM!M$13>0,IMshareM!M5/(SUM(IMshareM!M$2:M$78)-IMshareM!M$13),0)) -> 0.00021288978 | N5: =IF($A5=N$1,0,IF(SUM(IMshareM!N$2:N$78)-IMshareM!N$14>0,IMshareM!N5/(SUM(IMshareM!N$2:N$78)-IMshareM!N$14),0)) -> 0.00021305273 | O5: =IF($A5=O$1,0,IF(SUM(IMshareM!O$2:O$78)-IMshareM!O$15>0,IMshareM!O5/(SUM(IMshareM!O$2:O$78)-IMshareM!O$15),0)) -> 0.0063339682 | P5: =IF($A5=P$1,0,IF(SUM(IMshareM!P$2:P$78)-IMshareM!P$16>0,IMshareM!P5/(SUM(IMshareM!P$2:P$78)-IMshareM!P$16),0)) -> 0.014566498 | Q5: =IF($A5=Q$1,0,IF(SUM(IMshareM!Q$2:Q$78)-IMshareM!Q$17>0,IMshareM!Q5/(SUM(IMshareM!Q$2:Q$78)-IMshareM!Q$17),0)) -> 0.00048331312 | R5: =IF($A5=R$1,0,IF(SUM(IMshareM!R$2:R$78)-IMshareM!R$18>0,IMshareM!R5/(SUM(IMshareM!R$2:R$78)-IMshareM!R$18),0)) -> 0.00054230486 | S5: =IF($A5=S$1,0,IF(SUM(IMshareM!S$2:S$78)-IMshareM!S$19>0,IMshareM!S5/(SUM(IMshareM!S$2:S$78)-IMshareM!S$19),0)) -> 0.010981689 | T5: =IF($A5=T$1,0,IF(SUM(IMshareM!T$2:T$78)-IMshareM!T$20>0,IMshareM!T5/(SUM(IMshareM!T$2:T$78)-IMshareM!T$20),0)) -> 0.00059845445 | U5: =IF($A5=U$1,0,IF(SUM(IMshareM!U$2:U$78)-IMshareM!U$21>0,IMshareM!U5/(SUM(IMshareM!U$2:U$78)-IMshareM!U$21),0)) -> 0.0022156818 | V5: =IF($A5=V$1,0,IF(SUM(IMshareM!V$2:V$78)-IMshareM!V$22>0,IMshareM!V5/(SUM(IMshareM!V$2:V$78)-IMshareM!V$22),0)) -> 0.0024676558 | W5: =IF($A5=W$1,0,IF(SUM(IMshareM!W$2:W$78)-IMshareM!W$23>0,IMshareM!W5/(SUM(IMshareM!W$2:W$78)-IMshareM!W$23),0)) -> 0.002017249 | X5: =IF($A5=X$1,0,IF(SUM(IMshareM!X$2:X$78)-IMshareM!X$24>0,IMshareM!X5/(SUM(IMshareM!X$2:X$78)-IMshareM!X$24),0)) -> 0.0038772842 | Y5: =IF($A5=Y$1,0,IF(SUM(IMshareM!Y$2:Y$78)-IMshareM!Y$25>0,IMshareM!Y5/(SUM(IMshareM!Y$2:Y$78)-IMshareM!Y$25),0)) -> 0.0057282955 | Z5: =IF($A5=Z$1,0,IF(SUM(IMshareM!Z$2:Z$78)-IMshareM!Z$26>0,IMshareM!Z5/(SUM(IMshareM!Z$2:Z$78)-IMshareM!Z$26),0)) -> 0.0027641267 | AA5: =IF($A5=AA$1,0,IF(SUM(IMshareM!AA$2:AA$78)-IMshareM!AA$27>0,IMshareM!AA5/(SUM(IMshareM!AA$2:AA$78)-IMshareM!AA$27),0)) -> 0.012662578 | AB5: =IF($A5=AB$1,0,IF(SUM(IMshareM!AB$2:AB$78)-IMshareM!AB$28>0,IMshareM!AB5/(SUM(IMshareM!AB$2:AB$78)-IMshareM!AB$28),0)) -> 0.0024256258 | AC5: =IF($A5=AC$1,0,IF(SUM(IMshareM!AC$2:AC$78)-IMshareM!AC$29>0,IMshareM!AC5/(SUM(IMshareM!AC$2:AC$78)-IMshareM!AC$29),0)) -> 0.009238201 | AD5: =IF($A5=AD$1,0,IF(SUM(IMshareM!AD$2:AD$78)-IMshareM!AD$30>0,IMshareM!AD5/(SUM(IMshareM!AD$2:AD$78)-IMshareM!AD$30),0)) -> 0.00031261052 | AE5: =IF($A5=AE$1,0,IF(SUM(IMshareM!AE$2:AE$78)-IMshareM!AE$31>0,IMshareM!AE5/(SUM(IMshareM!AE$2:AE$78)-IMshareM!AE$31),0)) -> 0.0043848681 | AF5: =IF($A5=AF$1,0,IF(SUM(IMshareM!AF$2:AF$78)-IMshareM!AF$32>0,IMshareM!AF5/(SUM(IMshareM!AF$2:AF$78)-IMshareM!AF$32),0)) -> 0.00089633723 | AG5: =IF($A5=AG$1,0,IF(SUM(IMshareM!AG$2:AG$78)-IMshareM!AG$33>0,IMshareM!AG5/(SUM(IMshareM!AG$2:AG$78)-IMshareM!AG$33),0)) -> 0.00022457423 | AH5: =IF($A5=AH$1,0,IF(SUM(IMshareM!AH$2:AH$78)-IMshareM!AH$34>0,IMshareM!AH5/(SUM(IMshareM!AH$2:AH$78)-IMshareM!AH$34),0)) -> 0.0083506786 | AI5: =IF($A5=AI$1,0,IF(SUM(IMshareM!AI$2:AI$78)-IMshareM!AI$35>0,IMshareM!AI5/(SUM(IMshareM!AI$2:AI$78)-IMshareM!AI$35),0)) -> 0.0039221423 | AJ5: =IF($A5=AJ$1,0,IF(SUM(IMshareM!AJ$2:AJ$78)-IMshareM!AJ$36>0,IMshareM!AJ5/(SUM(IMshareM!AJ$2:AJ$78)-IMshareM!AJ$36),0)) -> 0.0051349968 | AK5: =IF($A5=AK$1,0,IF(SUM(IMshareM!AK$2:AK$78)-IMshareM!AK$37>0,IMshareM!AK5/(SUM(IMshareM!AK$2:AK$78)-IMshareM!AK$37),0)) -> 0.0029373593 | AL5: =IF($A5=AL$1,0,IF(SUM(IMshareM!AL$2:AL$78)-IMshareM!AL$38>0,IMshareM!AL5/(SUM(IMshareM!AL$2:AL$78)-IMshareM!AL$38),0)) -> 0.0095426388 | AM5: =IF($A5=AM$1,0,IF(SUM(IMshareM!AM$2:AM$78)-IMshareM!AM$39>0,IMshareM!AM5/(SUM(IMshareM!AM$2:AM$78)-IMshareM!AM$39),0)) -> 0.0043418725 | AN5: =IF($A5=AN$1,0,IF(SUM(IMshareM!AN$2:AN$78)-IMshareM!AN$40>0,IMshareM!AN5/(SUM(IMshareM!AN$2:AN$78)-IMshareM!AN$40),0)) -> 0.0002070214 | AO5: =IF($A5=AO$1,0,IF(SUM(IMshareM!AO$2:AO$78)-IMshareM!AO$41>0,IMshareM!AO5/(SUM(IMshareM!AO$2:AO$78)-IMshareM!AO$41),0)) -> 0.0020434357 | AP5: =IF($A5=AP$1,0,IF(SUM(IMshareM!AP$2:AP$78)-IMshareM!AP$42>0,IMshareM!AP5/(SUM(IMshareM!AP$2:AP$78)-IMshareM!AP$42),0)) -> 0.00045838373 | AQ5: =IF($A5=AQ$1,0,IF(SUM(IMshareM!AQ$2:AQ$78)-IMshareM!AQ$43>0,IMshareM!AQ5/(SUM(IMshareM!AQ$2:AQ$78)-IMshareM!AQ$43),0)) -> 0.00010151441 | AR5: =IF($A5=AR$1,0,IF(SUM(IMshareM!AR$2:AR$78)-IMshareM!AR$44>0,IMshareM!AR5/(SUM(IMshareM!AR$2:AR$78)-IMshareM!AR$44),0)) -> 0 | AS5: =IF($A5=AS$1,0,IF(SUM(IMshareM!AS$2:AS$78)-IMshareM!AS$45>0,IMshareM!AS5/(SUM(IMshareM!AS$2:AS$78)-IMshareM!AS$45),0)) -> 0.0049842868 | AT5: =IF($A5=AT$1,0,IF(SUM(IMshareM!AT$2:AT$78)-IMshareM!AT$46>0,IMshareM!AT5/(SUM(IMshareM!AT$2:AT$78)-IMshareM!AT$46),0)) -> 0.050359638 | AU5: =IF($A5=AU$1,0,IF(SUM(IMshareM!AU$2:AU$78)-IMshareM!AU$47>0,IMshareM!AU5/(SUM(IMshareM!AU$2:AU$78)-IMshareM!AU$47),0)) -> 0.0086619845 | AV5: =IF($A5=AV$1,0,IF(SUM(IMshareM!AV$2:AV$78)-IMshareM!AV$48>0,IMshareM!AV5/(SUM(IMshareM!AV$2:AV$78)-IMshareM!AV$48),0)) -> 0.0022870982 | AW5: =IF($A5=AW$1,0,IF(SUM(IMshareM!AW$2:AW$78)-IMshareM!AW$49>0,IMshareM!AW5/(SUM(IMshareM!AW$2:AW$78)-IMshareM!AW$49),0)) -> 1.4374281e-05 | AX5: =IF($A5=AX$1,0,IF(SUM(IMshareM!AX$2:AX$78)-IMshareM!AX$50>0,IMshareM!AX5/(SUM(IMshareM!AX$2:AX$78)-IMshareM!AX$50),0)) -> 0.0005713296 | AY5: =IF($A5=AY$1,0,IF(SUM(IMshareM!AY$2:AY$78)-IMshareM!AY$51>0,IMshareM!AY5/(SUM(IMshareM!AY$2:AY$78)-IMshareM!AY$51),0)) -> 0 | AZ5: =IF($A5=AZ$1,0,IF(SUM(IMshareM!AZ$2:AZ$78)-IMshareM!AZ$52>0,IMshareM!AZ5/(SUM(IMshareM!AZ$2:AZ$78)-IMshareM!AZ$52),0)) -> 0.012657498 | BA5: =IF($A5=BA$1,0,IF(SUM(IMshareM!BA$2:BA$78)-IMshareM!BA$53>0,IMshareM!BA5/(SUM(IMshareM!BA$2:BA$78)-IMshareM!BA$53),0)) -> 0.0052977441 | BB5: =IF($A5=BB$1,0,IF(SUM(IMshareM!BB$2:BB$78)-IMshareM!BB$54>0,IMshareM!BB5/(SUM(IMshareM!BB$2:BB$78)-IMshareM!BB$54),0)) -> 0.016945535 | BC5: =IF($A5=BC$1,0,IF(SUM(IMshareM!BC$2:BC$78)-IMshareM!BC$55>0,IMshareM!BC5/(SUM(IMshareM!BC$2:BC$78)-IMshareM!BC$55),0)) -> 0.004299354 | BD5: =IF($A5=BD$1,0,IF(SUM(IMshareM!BD$2:BD$78)-IMshareM!BD$56>0,IMshareM!BD5/(SUM(IMshareM!BD$2:BD$78)-IMshareM!BD$56),0)) -> 0.0036619729 | BE5: =IF($A5=BE$1,0,IF(SUM(IMshareM!BE$2:BE$78)-IMshareM!BE$57>0,IMshareM!BE5/(SUM(IMshareM!BE$2:BE$78)-IMshareM!BE$57),0)) -> 0.0028289026 | BF5: =IF($A5=BF$1,0,IF(SUM(IMshareM!BF$2:BF$78)-IMshareM!BF$58>0,IMshareM!BF5/(SUM(IMshareM!BF$2:BF$78)-IMshareM!BF$58),0)) -> 0.00039710757 | BG5: =IF($A5=BG$1,0,IF(SUM(IMshareM!BG$2:BG$78)-IMshareM!BG$59>0,IMshareM!BG5/(SUM(IMshareM!BG$2:BG$78)-IMshareM!BG$59),0)) -> 0.00086105279 | BH5: =IF($A5=BH$1,0,IF(SUM(IMshareM!BH$2:BH$78)-IMshareM!BH$60>0,IMshareM!BH5/(SUM(IMshareM!BH$2:BH$78)-IMshareM!BH$60),0)) -> 0.0005335578 | BI5: =IF($A5=BI$1,0,IF(SUM(IMshareM!BI$2:BI$78)-IMshareM!BI$61>0,IMshareM!BI5/(SUM(IMshareM!BI$2:BI$78)-IMshareM!BI$61),0)) -> 0.016649549 | BJ5: =IF($A5=BJ$1,0,IF(SUM(IMshareM!BJ$2:BJ$78)-IMshareM!BJ$62>0,IMshareM!BJ5/(SUM(IMshareM!BJ$2:BJ$78)-IMshareM!BJ$62),0)) -> 0.0041047708 | BK5: =IF($A5=BK$1,0,IF(SUM(IMshareM!BK$2:BK$78)-IMshareM!BK$63>0,IMshareM!BK5/(SUM(IMshareM!BK$2:BK$78)-IMshareM!BK$63),0)) -> 0.0024603627 | BL5: =IF($A5=BL$1,0,IF(SUM(IMshareM!BL$2:BL$78)-IMshareM!BL$64>0,IMshareM!BL5/(SUM(IMshareM!BL$2:BL$78)-IMshareM!BL$64),0)) -> 0.0034868989 | BM5: =IF($A5=BM$1,0,IF(SUM(IMshareM!BM$2:BM$78)-IMshareM!BM$65>0,IMshareM!BM5/(SUM(IMshareM!BM$2:BM$78)-IMshareM!BM$65),0)) -> 0.0091034653 | BN5: =IF($A5=BN$1,0,IF(SUM(IMshareM!BN$2:BN$78)-IMshareM!BN$66>0,IMshareM!BN5/(SUM(IMshareM!BN$2:BN$78)-IMshareM!BN$66),0)) -> 0.00037668673 | BO5: =IF($A5=BO$1,0,IF(SUM(IMshareM!BO$2:BO$78)-IMshareM!BO$67>0,IMshareM!BO5/(SUM(IMshareM!BO$2:BO$78)-IMshareM!BO$67),0)) -> 0.00015405682 | BP5: =IF($A5=BP$1,0,IF(SUM(IMshareM!BP$2:BP$78)-IMshareM!BP$68>0,IMshareM!BP5/(SUM(IMshareM!BP$2:BP$78)-IMshareM!BP$68),0)) -> 0.00028466978 | BQ5: =IF($A5=BQ$1,0,IF(SUM(IMshareM!BQ$2:BQ$78)-IMshareM!BQ$69>0,IMshareM!BQ5/(SUM(IMshareM!BQ$2:BQ$78)-IMshareM!BQ$69),0)) -> 0.0091539253 | BR5: =IF($A5=BR$1,0,IF(SUM(IMshareM!BR$2:BR$78)-IMshareM!BR$70>0,IMshareM!BR5/(SUM(IMshareM!BR$2:BR$78)-IMshareM!BR$70),0)) -> 0.0021058315 | BS5: =IF($A5=BS$1,0,IF(SUM(IMshareM!BS$2:BS$78)-IMshareM!BS$71>0,IMshareM!BS5/(SUM(IMshareM!BS$2:BS$78)-IMshareM!BS$71),0)) -> 0.0037461217 | BT5: =IF($A5=BT$1,0,IF(SUM(IMshareM!BT$2:BT$78)-IMshareM!BT$72>0,IMshareM!BT5/(SUM(IMshareM!BT$2:BT$78)-IMshareM!BT$72),0)) -> 0.00074164473 | BU5: =IF($A5=BU$1,0,IF(SUM(IMshareM!BU$2:BU$78)-IMshareM!BU$73>0,IMshareM!BU5/(SUM(IMshareM!BU$2:BU$78)-IMshareM!BU$73),0)) -> 0.00022614607 | BV5: =IF($A5=BV$1,0,IF(SUM(IMshareM!BV$2:BV$78)-IMshareM!BV$74>0,IMshareM!BV5/(SUM(IMshareM!BV$2:BV$78)-IMshareM!BV$74),0)) -> 0.0014573821 | BW5: =IF($A5=BW$1,0,IF(SUM(IMshareM!BW$2:BW$78)-IMshareM!BW$75>0,IMshareM!BW5/(SUM(IMshareM!BW$2:BW$78)-IMshareM!BW$75),0)) -> 0.00042032136 | BX5: =IF($A5=BX$1,0,IF(SUM(IMshareM!BX$2:BX$78)-IMshareM!BX$76>0,IMshareM!BX5/(SUM(IMshareM!BX$2:BX$78)-IMshareM!BX$76),0)) -> 0.00011644144 | BY5: =IF($A5=BY$1,0,IF(SUM(IMshareM!BY$2:BY$78)-IMshareM!BY$77>0,IMshareM!BY5/(SUM(IMshareM!BY$2:BY$78)-IMshareM!BY$77),0)) -> 0.00075372644 | BZ5: =IF($A5=BZ$1,0,IF(SUM(IMshareM!BZ$2:BZ$78)-IMshareM!BZ$78>0,IMshareM!BZ5/(SUM(IMshareM!BZ$2:BZ$78)-IMshareM!BZ$78),0)) -> 0.0044022064
A6: BGD | B6: =IF($A6=B$1,0,IF(SUM(IMshareM!B$2:B$78)-IMshareM!B$2>0,IMshareM!B6/(SUM(IMshareM!B$2:B$78)-IMshareM!B$2),0)) -> 0 | C6: =IF($A6=C$1,0,IF(SUM(IMshareM!C$2:C$78)-IMshareM!C$3>0,IMshareM!C6/(SUM(IMshareM!C$2:C$78)-IMshareM!C$3),0)) -> 0 | D6: =IF($A6=D$1,0,IF(SUM(IMshareM!D$2:D$78)-IMshareM!D$4>0,IMshareM!D6/(SUM(IMshareM!D$2:D$78)-IMshareM!D$4),0)) -> 4.3645819e-06 | E6: =IF($A6=E$1,0,IF(SUM(IMshareM!E$2:E$78)-IMshareM!E$5>0,IMshareM!E6/(SUM(IMshareM!E$2:E$78)-IMshareM!E$5),0)) -> 0 | F6: =IF($A6=F$1,0,IF(SUM(IMshareM!F$2:F$78)-IMshareM!F$6>0,IMshareM!F6/(SUM(IMshareM!F$2:F$78)-IMshareM!F$6),0)) -> 0 | G6: =IF($A6=G$1,0,IF(SUM(IMshareM!G$2:G$78)-IMshareM!G$7>0,IMshareM!G6/(SUM(IMshareM!G$2:G$78)-IMshareM!G$7),0)) -> 4.6445953e-06 | H6: =IF($A6=H$1,0,IF(SUM(IMshareM!H$2:H$78)-IMshareM!H$8>0,IMshareM!H6/(SUM(IMshareM!H$2:H$78)-IMshareM!H$8),0)) -> 0 | I6: =IF($A6=I$1,0,IF(SUM(IMshareM!I$2:I$78)-IMshareM!I$9>0,IMshareM!I6/(SUM(IMshareM!I$2:I$78)-IMshareM!I$9),0)) -> 0 | J6: =IF($A6=J$1,0,IF(SUM(IMshareM!J$2:J$78)-IMshareM!J$10>0,IMshareM!J6/(SUM(IMshareM!J$2:J$78)-IMshareM!J$10),0)) -> 0 | K6: =IF($A6=K$1,0,IF(SUM(IMshareM!K$2:K$78)-IMshareM!K$11>0,IMshareM!K6/(SUM(IMshareM!K$2:K$78)-IMshareM!K$11),0)) -> 8.8902905e-07 | L6: =IF($A6=L$1,0,IF(SUM(IMshareM!L$2:L$78)-IMshareM!L$12>0,IMshareM!L6/(SUM(IMshareM!L$2:L$78)-IMshareM!L$12),0)) -> 0 | M6: =IF($A6=M$1,0,IF(SUM(IMshareM!M$2:M$78)-IMshareM!M$13>0,IMshareM!M6/(SUM(IMshareM!M$2:M$78)-IMshareM!M$13),0)) -> 0 | N6: =IF($A6=N$1,0,IF(SUM(IMshareM!N$2:N$78)-IMshareM!N$14>0,IMshareM!N6/(SUM(IMshareM!N$2:N$78)-IMshareM!N$14),0)) -> 1.117976e-06 | O6: =IF($A6=O$1,0,IF(SUM(IMshareM!O$2:O$78)-IMshareM!O$15>0,IMshareM!O6/(SUM(IMshareM!O$2:O$78)-IMshareM!O$15),0)) -> 0 | P6: =IF($A6=P$1,0,IF(SUM(IMshareM!P$2:P$78)-IMshareM!P$16>0,IMshareM!P6/(SUM(IMshareM!P$2:P$78)-IMshareM!P$16),0)) -> 0 | Q6: =IF($A6=Q$1,0,IF(SUM(IMshareM!Q$2:Q$78)-IMshareM!Q$17>0,IMshareM!Q6/(SUM(IMshareM!Q$2:Q$78)-IMshareM!Q$17),0)) -> 0 | R6: =IF($A6=R$1,0,IF(SUM(IMshareM!R$2:R$78)-IMshareM!R$18>0,IMshareM!R6/(SUM(IMshareM!R$2:R$78)-IMshareM!R$18),0)) -> 0 | S6: =IF($A6=S$1,0,IF(SUM(IMshareM!S$2:S$78)-IMshareM!S$19>0,IMshareM!S6/(SUM(IMshareM!S$2:S$78)-IMshareM!S$19),0)) -> 0 | T6: =IF($A6=T$1,0,IF(SUM(IMshareM!T$2:T$78)-IMshareM!T$20>0,IMshareM!T6/(SUM(IMshareM!T$2:T$78)-IMshareM!T$20),0)) -> 0 | U6: =IF($A6=U$1,0,IF(SUM(IMshareM!U$2:U$78)-IMshareM!U$21>0,IMshareM!U6/(SUM(IMshareM!U$2:U$78)-IMshareM!U$21),0)) -> 1.0082008e-06 | V6: =IF($A6=V$1,0,IF(SUM(IMshareM!V$2:V$78)-IMshareM!V$22>0,IMshareM!V6/(SUM(IMshareM!V$2:V$78)-IMshareM!V$22),0)) -> 5.2293801e-06 | W6: =IF($A6=W$1,0,IF(SUM(IMshareM!W$2:W$78)-IMshareM!W$23>0,IMshareM!W6/(SUM(IMshareM!W$2:W$78)-IMshareM!W$23),0)) -> 0 | X6: =IF($A6=X$1,0,IF(SUM(IMshareM!X$2:X$78)-IMshareM!X$24>0,IMshareM!X6/(SUM(IMshareM!X$2:X$78)-IMshareM!X$24),0)) -> 1.9436041e-07 | Y6: =IF($A6=Y$1,0,IF(SUM(IMshareM!Y$2:Y$78)-IMshareM!Y$25>0,IMshareM!Y6/(SUM(IMshareM!Y$2:Y$78)-IMshareM!Y$25),0)) -> 0 | Z6: =IF($A6=Z$1,0,IF(SUM(IMshareM!Z$2:Z$78)-IMshareM!Z$26>0,IMshareM!Z6/(SUM(IMshareM!Z$2:Z$78)-IMshareM!Z$26),0)) -> 0 | AA6: =IF($A6=AA$1,0,IF(SUM(IMshareM!AA$2:AA$78)-IMshareM!AA$27>0,IMshareM!AA6/(SUM(IMshareM!AA$2:AA$78)-IMshareM!AA$27),0)) -> 1.2347054e-08 | AB6: =IF($A6=AB$1,0,IF(SUM(IMshareM!AB$2:AB$78)-IMshareM!AB$28>0,IMshareM!AB6/(SUM(IMshareM!AB$2:AB$78)-IMshareM!AB$28),0)) -> 2.0648332e-06 | AC6: =IF($A6=AC$1,0,IF(SUM(IMshareM!AC$2:AC$78)-IMshareM!AC$29>0,IMshareM!AC6/(SUM(IMshareM!AC$2:AC$78)-IMshareM!AC$29),0)) -> 0 | AD6: =IF($A6=AD$1,0,IF(SUM(IMshareM!AD$2:AD$78)-IMshareM!AD$30>0,IMshareM!AD6/(SUM(IMshareM!AD$2:AD$78)-IMshareM!AD$30),0)) -> 0 | AE6: =IF($A6=AE$1,0,IF(SUM(IMshareM!AE$2:AE$78)-IMshareM!AE$31>0,IMshareM!AE6/(SUM(IMshareM!AE$2:AE$78)-IMshareM!AE$31),0)) -> 0 | AF6: =IF($A6=AF$1,0,IF(SUM(IMshareM!AF$2:AF$78)-IMshareM!AF$32>0,IMshareM!AF6/(SUM(IMshareM!AF$2:AF$78)-IMshareM!AF$32),0)) -> 0 | AG6: =IF($A6=AG$1,0,IF(SUM(IMshareM!AG$2:AG$78)-IMshareM!AG$33>0,IMshareM!AG6/(SUM(IMshareM!AG$2:AG$78)-IMshareM!AG$33),0)) -> 6.222338e-06 | AH6: =IF($A6=AH$1,0,IF(SUM(IMshareM!AH$2:AH$78)-IMshareM!AH$34>0,IMshareM!AH6/(SUM(IMshareM!AH$2:AH$78)-IMshareM!AH$34),0)) -> 7.3750494e-05 | AI6: =IF($A6=AI$1,0,IF(SUM(IMshareM!AI$2:AI$78)-IMshareM!AI$35>0,IMshareM!AI6/(SUM(IMshareM!AI$2:AI$78)-IMshareM!AI$35),0)) -> 9.5656094e-07 | AJ6: =IF($A6=AJ$1,0,IF(SUM(IMshareM!AJ$2:AJ$78)-IMshareM!AJ$36>0,IMshareM!AJ6/(SUM(IMshareM!AJ$2:AJ$78)-IMshareM!AJ$36),0)) -> 0 | AK6: =IF($A6=AK$1,0,IF(SUM(IMshareM!AK$2:AK$78)-IMshareM!AK$37>0,IMshareM!AK6/(SUM(IMshareM!AK$2:AK$78)-IMshareM!AK$37),0)) -> 0 | AL6: =IF($A6=AL$1,0,IF(SUM(IMshareM!AL$2:AL$78)-IMshareM!AL$38>0,IMshareM!AL6/(SUM(IMshareM!AL$2:AL$78)-IMshareM!AL$38),0)) -> 0 | AM6: =IF($A6=AM$1,0,IF(SUM(IMshareM!AM$2:AM$78)-IMshareM!AM$39>0,IMshareM!AM6/(SUM(IMshareM!AM$2:AM$78)-IMshareM!AM$39),0)) -> 0 | AN6: =IF($A6=AN$1,0,IF(SUM(IMshareM!AN$2:AN$78)-IMshareM!AN$40>0,IMshareM!AN6/(SUM(IMshareM!AN$2:AN$78)-IMshareM!AN$40),0)) -> 0 | AO6: =IF($A6=AO$1,0,IF(SUM(IMshareM!AO$2:AO$78)-IMshareM!AO$41>0,IMshareM!AO6/(SUM(IMshareM!AO$2:AO$78)-IMshareM!AO$41),0)) -> 0 | AP6: =IF($A6=AP$1,0,IF(SUM(IMshareM!AP$2:AP$78)-IMshareM!AP$42>0,IMshareM!AP6/(SUM(IMshareM!AP$2:AP$78)-IMshareM!AP$42),0)) -> 0 | AQ6: =IF($A6=AQ$1,0,IF(SUM(IMshareM!AQ$2:AQ$78)-IMshareM!AQ$43>0,IMshareM!AQ6/(SUM(IMshareM!AQ$2:AQ$78)-IMshareM!AQ$43),0)) -> 2.8239711e-07 | AR6: =IF($A6=AR$1,0,IF(SUM(IMshareM!AR$2:AR$78)-IMshareM!AR$44>0,IMshareM!AR6/(SUM(IMshareM!AR$2:AR$78)-IMshareM!AR$44),0)) -> 0 | AS6: =IF($A6=AS$1,0,IF(SUM(IMshareM!AS$2:AS$78)-IMshareM!AS$45>0,IMshareM!AS6/(SUM(IMshareM!AS$2:AS$78)-IMshareM!AS$45),0)) -> 0 | AT6: =IF($A6=AT$1,0,IF(SUM(IMshareM!AT$2:AT$78)-IMshareM!AT$46>0,IMshareM!AT6/(SUM(IMshareM!AT$2:AT$78)-IMshareM!AT$46),0)) -> 0 | AU6: =IF($A6=AU$1,0,IF(SUM(IMshareM!AU$2:AU$78)-IMshareM!AU$47>0,IMshareM!AU6/(SUM(IMshareM!AU$2:AU$78)-IMshareM!AU$47),0)) -> 0 | AV6: =IF($A6=AV$1,0,IF(SUM(IMshareM!AV$2:AV$78)-IMshareM!AV$48>0,IMshareM!AV6/(SUM(IMshareM!AV$2:AV$78)-IMshareM!AV$48),0)) -> 0 | AW6: =IF($A6=AW$1,0,IF(SUM(IMshareM!AW$2:AW$78)-IMshareM!AW$49>0,IMshareM!AW6/(SUM(IMshareM!AW$2:AW$78)-IMshareM!AW$49),0)) -> 0 | AX6: =IF($A6=AX$1,0,IF(SUM(IMshareM!AX$2:AX$78)-IMshareM!AX$50>0,IMshareM!AX6/(SUM(IMshareM!AX$2:AX$78)-IMshareM!AX$50),0)) -> 0 | AY6: =IF($A6=AY$1,0,IF(SUM(IMshareM!AY$2:AY$78)-IMshareM!AY$51>0,IMshareM!AY6/(SUM(IMshareM!AY$2:AY$78)-IMshareM!AY$51),0)) -> 0 | AZ6: =IF($A6=AZ$1,0,IF(SUM(IMshareM!AZ$2:AZ$78)-IMshareM!AZ$52>0,IMshareM!AZ6/(SUM(IMshareM!AZ$2:AZ$78)-IMshareM!AZ$52),0)) -> 0 | BA6: =IF($A6=BA$1,0,IF(SUM(IMshareM!BA$2:BA$78)-IMshareM!BA$53>0,IMshareM!BA6/(SUM(IMshareM!BA$2:BA$78)-IMshareM!BA$53),0)) -> 0.0016080205 | BB6: =IF($A6=BB$1,0,IF(SUM(IMshareM!BB$2:BB$78)-IMshareM!BB$54>0,IMshareM!BB6/(SUM(IMshareM!BB$2:BB$78)-IMshareM!BB$54),0)) -> 4.5998534e-05 | BC6: =IF($A6=BC$1,0,IF(SUM(IMshareM!BC$2:BC$78)-IMshareM!BC$55>0,IMshareM!BC6/(SUM(IMshareM!BC$2:BC$78)-IMshareM!BC$55),0)) -> 3.2168973e-06 | BD6: =IF($A6=BD$1,0,IF(SUM(IMshareM!BD$2:BD$78)-IMshareM!BD$56>0,IMshareM!BD6/(SUM(IMshareM!BD$2:BD$78)-IMshareM!BD$56),0)) -> 0 | BE6: =IF($A6=BE$1,0,IF(SUM(IMshareM!BE$2:BE$78)-IMshareM!BE$57>0,IMshareM!BE6/(SUM(IMshareM!BE$2:BE$78)-IMshareM!BE$57),0)) -> 0 | BF6: =IF($A6=BF$1,0,IF(SUM(IMshareM!BF$2:BF$78)-IMshareM!BF$58>0,IMshareM!BF6/(SUM(IMshareM!BF$2:BF$78)-IMshareM!BF$58),0)) -> 0 | BG6: =IF($A6=BG$1,0,IF(SUM(IMshareM!BG$2:BG$78)-IMshareM!BG$59>0,IMshareM!BG6/(SUM(IMshareM!BG$2:BG$78)-IMshareM!BG$59),0)) -> 0 | BH6: =IF($A6=BH$1,0,IF(SUM(IMshareM!BH$2:BH$78)-IMshareM!BH$60>0,IMshareM!BH6/(SUM(IMshareM!BH$2:BH$78)-IMshareM!BH$60),0)) -> 0 | BI6: =IF($A6=BI$1,0,IF(SUM(IMshareM!BI$2:BI$78)-IMshareM!BI$61>0,IMshareM!BI6/(SUM(IMshareM!BI$2:BI$78)-IMshareM!BI$61),0)) -> 0 | BJ6: =IF($A6=BJ$1,0,IF(SUM(IMshareM!BJ$2:BJ$78)-IMshareM!BJ$62>0,IMshareM!BJ6/(SUM(IMshareM!BJ$2:BJ$78)-IMshareM!BJ$62),0)) -> 0 | BK6: =IF($A6=BK$1,0,IF(SUM(IMshareM!BK$2:BK$78)-IMshareM!BK$63>0,IMshareM!BK6/(SUM(IMshareM!BK$2:BK$78)-IMshareM!BK$63),0)) -> 0 | BL6: =IF($A6=BL$1,0,IF(SUM(IMshareM!BL$2:BL$78)-IMshareM!BL$64>0,IMshareM!BL6/(SUM(IMshareM!BL$2:BL$78)-IMshareM!BL$64),0)) -> 0 | BM6: =IF($A6=BM$1,0,IF(SUM(IMshareM!BM$2:BM$78)-IMshareM!BM$65>0,IMshareM!BM6/(SUM(IMshareM!BM$2:BM$78)-IMshareM!BM$65),0)) -> 0 | BN6: =IF($A6=BN$1,0,IF(SUM(IMshareM!BN$2:BN$78)-IMshareM!BN$66>0,IMshareM!BN6/(SUM(IMshareM!BN$2:BN$78)-IMshareM!BN$66),0)) -> 3.1890729e-06 | BO6: =IF($A6=BO$1,0,IF(SUM(IMshareM!BO$2:BO$78)-IMshareM!BO$67>0,IMshareM!BO6/(SUM(IMshareM!BO$2:BO$78)-IMshareM!BO$67),0)) -> 2.558303e-08 | BP6: =IF($A6=BP$1,0,IF(SUM(IMshareM!BP$2:BP$78)-IMshareM!BP$68>0,IMshareM!BP6/(SUM(IMshareM!BP$2:BP$78)-IMshareM!BP$68),0)) -> 0 | BQ6: =IF($A6=BQ$1,0,IF(SUM(IMshareM!BQ$2:BQ$78)-IMshareM!BQ$69>0,IMshareM!BQ6/(SUM(IMshareM!BQ$2:BQ$78)-IMshareM!BQ$69),0)) -> 0 | BR6: =IF($A6=BR$1,0,IF(SUM(IMshareM!BR$2:BR$78)-IMshareM!BR$70>0,IMshareM!BR6/(SUM(IMshareM!BR$2:BR$78)-IMshareM!BR$70),0)) -> 1.7155592e-07 | BS6: =IF($A6=BS$1,0,IF(SUM(IMshareM!BS$2:BS$78)-IMshareM!BS$71>0,IMshareM!BS6/(SUM(IMshareM!BS$2:BS$78)-IMshareM!BS$71),0)) -> 0 | BT6: =IF($A6=BT$1,0,IF(SUM(IMshareM!BT$2:BT$78)-IMshareM!BT$72>0,IMshareM!BT6/(SUM(IMshareM!BT$2:BT$78)-IMshareM!BT$72),0)) -> 0 | BU6: =IF($A6=BU$1,0,IF(SUM(IMshareM!BU$2:BU$78)-IMshareM!BU$73>0,IMshareM!BU6/(SUM(IMshareM!BU$2:BU$78)-IMshareM!BU$73),0)) -> 0 | BV6: =IF($A6=BV$1,0,IF(SUM(IMshareM!BV$2:BV$78)-IMshareM!BV$74>0,IMshareM!BV6/(SUM(IMshareM!BV$2:BV$78)-IMshareM!BV$74),0)) -> 0 | BW6: =IF($A6=BW$1,0,IF(SUM(IMshareM!BW$2:BW$78)-IMshareM!BW$75>0,IMshareM!BW6/(SUM(IMshareM!BW$2:BW$78)-IMshareM!BW$75),0)) -> 2.5275124e-05 | BX6: =IF($A6=BX$1,0,IF(SUM(IMshareM!BX$2:BX$78)-IMshareM!BX$76>0,IMshareM!BX6/(SUM(IMshareM!BX$2:BX$78)-IMshareM!BX$76),0)) -> 0 | BY6: =IF($A6=BY$1,0,IF(SUM(IMshareM!BY$2:BY$78)-IMshareM!BY$77>0,IMshareM!BY6/(SUM(IMshareM!BY$2:BY$78)-IMshareM!BY$77),0)) -> 0 | BZ6: =IF($A6=BZ$1,0,IF(SUM(IMshareM!BZ$2:BZ$78)-IMshareM!BZ$78>0,IMshareM!BZ6/(SUM(IMshareM!BZ$2:BZ$78)-IMshareM!BZ$78),0)) -> 3.6914067e-05
A7: BGR | B7: =IF($A7=B$1,0,IF(SUM(IMshareM!B$2:B$78)-IMshareM!B$2>0,IMshareM!B7/(SUM(IMshareM!B$2:B$78)-IMshareM!B$2),0)) -> 0.0007975874 | C7: =IF($A7=C$1,0,IF(SUM(IMshareM!C$2:C$78)-IMshareM!C$3>0,IMshareM!C7/(SUM(IMshareM!C$2:C$78)-IMshareM!C$3),0)) -> 8.3767735e-05 | D7: =IF($A7=D$1,0,IF(SUM(IMshareM!D$2:D$78)-IMshareM!D$4>0,IMshareM!D7/(SUM(IMshareM!D$2:D$78)-IMshareM!D$4),0)) -> 0.00052195807 | E7: =IF($A7=E$1,0,IF(SUM(IMshareM!E$2:E$78)-IMshareM!E$5>0,IMshareM!E7/(SUM(IMshareM!E$2:E$78)-IMshareM!E$5),0)) -> 0.0011105343 | F7: =IF($A7=F$1,0,IF(SUM(IMshareM!F$2:F$78)-IMshareM!F$6>0,IMshareM!F7/(SUM(IMshareM!F$2:F$78)-IMshareM!F$6),0)) -> 0 | G7: =IF($A7=G$1,0,IF(SUM(IMshareM!G$2:G$78)-IMshareM!G$7>0,IMshareM!G7/(SUM(IMshareM!G$2:G$78)-IMshareM!G$7),0)) -> 0 | H7: =IF($A7=H$1,0,IF(SUM(IMshareM!H$2:H$78)-IMshareM!H$8>0,IMshareM!H7/(SUM(IMshareM!H$2:H$78)-IMshareM!H$8),0)) -> 0.00055562424 | I7: =IF($A7=I$1,0,IF(SUM(IMshareM!I$2:I$78)-IMshareM!I$9>0,IMshareM!I7/(SUM(IMshareM!I$2:I$78)-IMshareM!I$9),0)) -> 0.00020073777 | J7: =IF($A7=J$1,0,IF(SUM(IMshareM!J$2:J$78)-IMshareM!J$10>0,IMshareM!J7/(SUM(IMshareM!J$2:J$78)-IMshareM!J$10),0)) -> 0 | K7: =IF($A7=K$1,0,IF(SUM(IMshareM!K$2:K$78)-IMshareM!K$11>0,IMshareM!K7/(SUM(IMshareM!K$2:K$78)-IMshareM!K$11),0)) -> 0.00059144016 | L7: =IF($A7=L$1,0,IF(SUM(IMshareM!L$2:L$78)-IMshareM!L$12>0,IMshareM!L7/(SUM(IMshareM!L$2:L$78)-IMshareM!L$12),0)) -> 0.00049937414 | M7: =IF($A7=M$1,0,IF(SUM(IMshareM!M$2:M$78)-IMshareM!M$13>0,IMshareM!M7/(SUM(IMshareM!M$2:M$78)-IMshareM!M$13),0)) -> 2.1427795e-05 | N7: =IF($A7=N$1,0,IF(SUM(IMshareM!N$2:N$78)-IMshareM!N$14>0,IMshareM!N7/(SUM(IMshareM!N$2:N$78)-IMshareM!N$14),0)) -> 0.0013098605 | O7: =IF($A7=O$1,0,IF(SUM(IMshareM!O$2:O$78)-IMshareM!O$15>0,IMshareM!O7/(SUM(IMshareM!O$2:O$78)-IMshareM!O$15),0)) -> 0 | P7: =IF($A7=P$1,0,IF(SUM(IMshareM!P$2:P$78)-IMshareM!P$16>0,IMshareM!P7/(SUM(IMshareM!P$2:P$78)-IMshareM!P$16),0)) -> 0 | Q7: =IF($A7=Q$1,0,IF(SUM(IMshareM!Q$2:Q$78)-IMshareM!Q$17>0,IMshareM!Q7/(SUM(IMshareM!Q$2:Q$78)-IMshareM!Q$17),0)) -> 0.00032774726 | R7: =IF($A7=R$1,0,IF(SUM(IMshareM!R$2:R$78)-IMshareM!R$18>0,IMshareM!R7/(SUM(IMshareM!R$2:R$78)-IMshareM!R$18),0)) -> 0.0025040153 | S7: =IF($A7=S$1,0,IF(SUM(IMshareM!S$2:S$78)-IMshareM!S$19>0,IMshareM!S7/(SUM(IMshareM!S$2:S$78)-IMshareM!S$19),0)) -> 6.7743593e-05 | T7: =IF($A7=T$1,0,IF(SUM(IMshareM!T$2:T$78)-IMshareM!T$20>0,IMshareM!T7/(SUM(IMshareM!T$2:T$78)-IMshareM!T$20),0)) -> 0.009226525 | U7: =IF($A7=U$1,0,IF(SUM(IMshareM!U$2:U$78)-IMshareM!U$21>0,IMshareM!U7/(SUM(IMshareM!U$2:U$78)-IMshareM!U$21),0)) -> 0.0026940533 | V7: =IF($A7=V$1,0,IF(SUM(IMshareM!V$2:V$78)-IMshareM!V$22>0,IMshareM!V7/(SUM(IMshareM!V$2:V$78)-IMshareM!V$22),0)) -> 0.0009746982 | W7: =IF($A7=W$1,0,IF(SUM(IMshareM!W$2:W$78)-IMshareM!W$23>0,IMshareM!W7/(SUM(IMshareM!W$2:W$78)-IMshareM!W$23),0)) -> 0.001435192 | X7: =IF($A7=X$1,0,IF(SUM(IMshareM!X$2:X$78)-IMshareM!X$24>0,IMshareM!X7/(SUM(IMshareM!X$2:X$78)-IMshareM!X$24),0)) -> 0.00093515329 | Y7: =IF($A7=Y$1,0,IF(SUM(IMshareM!Y$2:Y$78)-IMshareM!Y$25>0,IMshareM!Y7/(SUM(IMshareM!Y$2:Y$78)-IMshareM!Y$25),0)) -> 0.0013716878 | Z7: =IF($A7=Z$1,0,IF(SUM(IMshareM!Z$2:Z$78)-IMshareM!Z$26>0,IMshareM!Z7/(SUM(IMshareM!Z$2:Z$78)-IMshareM!Z$26),0)) -> 0.00056189333 | AA7: =IF($A7=AA$1,0,IF(SUM(IMshareM!AA$2:AA$78)-IMshareM!AA$27>0,IMshareM!AA7/(SUM(IMshareM!AA$2:AA$78)-IMshareM!AA$27),0)) -> 0.0011825352 | AB7: =IF($A7=AB$1,0,IF(SUM(IMshareM!AB$2:AB$78)-IMshareM!AB$28>0,IMshareM!AB7/(SUM(IMshareM!AB$2:AB$78)-IMshareM!AB$28),0)) -> 0.0016598593 | AC7: =IF($A7=AC$1,0,IF(SUM(IMshareM!AC$2:AC$78)-IMshareM!AC$29>0,IMshareM!AC7/(SUM(IMshareM!AC$2:AC$78)-IMshareM!AC$29),0)) -> 0.0070131164 | AD7: =IF($A7=AD$1,0,IF(SUM(IMshareM!AD$2:AD$78)-IMshareM!AD$30>0,IMshareM!AD7/(SUM(IMshareM!AD$2:AD$78)-IMshareM!AD$30),0)) -> 1.6877411e-05 | AE7: =IF($A7=AE$1,0,IF(SUM(IMshareM!AE$2:AE$78)-IMshareM!AE$31>0,IMshareM!AE7/(SUM(IMshareM!AE$2:AE$78)-IMshareM!AE$31),0)) -> 6.5226708e-05 | AF7: =IF($A7=AF$1,0,IF(SUM(IMshareM!AF$2:AF$78)-IMshareM!AF$32>0,IMshareM!AF7/(SUM(IMshareM!AF$2:AF$78)-IMshareM!AF$32),0)) -> 1.4183754e-05 | AG7: =IF($A7=AG$1,0,IF(SUM(IMshareM!AG$2:AG$78)-IMshareM!AG$33>0,IMshareM!AG7/(SUM(IMshareM!AG$2:AG$78)-IMshareM!AG$33),0)) -> 4.0203646e-05 | AH7: =IF($A7=AH$1,0,IF(SUM(IMshareM!AH$2:AH$78)-IMshareM!AH$34>0,IMshareM!AH7/(SUM(IMshareM!AH$2:AH$78)-IMshareM!AH$34),0)) -> 9.7976183e-05 | AI7: =IF($A7=AI$1,0,IF(SUM(IMshareM!AI$2:AI$78)-IMshareM!AI$35>0,IMshareM!AI7/(SUM(IMshareM!AI$2:AI$78)-IMshareM!AI$35),0)) -> 0.00019246938 | AJ7: =IF($A7=AJ$1,0,IF(SUM(IMshareM!AJ$2:AJ$78)-IMshareM!AJ$36>0,IMshareM!AJ7/(SUM(IMshareM!AJ$2:AJ$78)-IMshareM!AJ$36),0)) -> 0.0010765204 | AK7: =IF($A7=AK$1,0,IF(SUM(IMshareM!AK$2:AK$78)-IMshareM!AK$37>0,IMshareM!AK7/(SUM(IMshareM!AK$2:AK$78)-IMshareM!AK$37),0)) -> 7.5857199e-05 | AL7: =IF($A7=AL$1,0,IF(SUM(IMshareM!AL$2:AL$78)-IMshareM!AL$38>0,IMshareM!AL7/(SUM(IMshareM!AL$2:AL$78)-IMshareM!AL$38),0)) -> 0.010725604 | AM7: =IF($A7=AM$1,0,IF(SUM(IMshareM!AM$2:AM$78)-IMshareM!AM$39>0,IMshareM!AM7/(SUM(IMshareM!AM$2:AM$78)-IMshareM!AM$39),0)) -> 0.00036631808 | AN7: =IF($A7=AN$1,0,IF(SUM(IMshareM!AN$2:AN$78)-IMshareM!AN$40>0,IMshareM!AN7/(SUM(IMshareM!AN$2:AN$78)-IMshareM!AN$40),0)) -> 0.00030991777 | AO7: =IF($A7=AO$1,0,IF(SUM(IMshareM!AO$2:AO$78)-IMshareM!AO$41>0,IMshareM!AO7/(SUM(IMshareM!AO$2:AO$78)-IMshareM!AO$41),0)) -> 0.0011629155 | AP7: =IF($A7=AP$1,0,IF(SUM(IMshareM!AP$2:AP$78)-IMshareM!AP$42>0,IMshareM!AP7/(SUM(IMshareM!AP$2:AP$78)-IMshareM!AP$42),0)) -> 0 | AQ7: =IF($A7=AQ$1,0,IF(SUM(IMshareM!AQ$2:AQ$78)-IMshareM!AQ$43>0,IMshareM!AQ7/(SUM(IMshareM!AQ$2:AQ$78)-IMshareM!AQ$43),0)) -> 0.0002405777 | AR7: =IF($A7=AR$1,0,IF(SUM(IMshareM!AR$2:AR$78)-IMshareM!AR$44>0,IMshareM!AR7/(SUM(IMshareM!AR$2:AR$78)-IMshareM!AR$44),0)) -> 0 | AS7: =IF($A7=AS$1,0,IF(SUM(IMshareM!AS$2:AS$78)-IMshareM!AS$45>0,IMshareM!AS7/(SUM(IMshareM!AS$2:AS$78)-IMshareM!AS$45),0)) -> 0.00020799081 | AT7: =IF($A7=AT$1,0,IF(SUM(IMshareM!AT$2:AT$78)-IMshareM!AT$46>0,IMshareM!AT7/(SUM(IMshareM!AT$2:AT$78)-IMshareM!AT$46),0)) -> 5.5473829e-05 | AU7: =IF($A7=AU$1,0,IF(SUM(IMshareM!AU$2:AU$78)-IMshareM!AU$47>0,IMshareM!AU7/(SUM(IMshareM!AU$2:AU$78)-IMshareM!AU$47),0)) -> 0.00083784428 | AV7: =IF($A7=AV$1,0,IF(SUM(IMshareM!AV$2:AV$78)-IMshareM!AV$48>0,IMshareM!AV7/(SUM(IMshareM!AV$2:AV$78)-IMshareM!AV$48),0)) -> 0.00013712922 | AW7: =IF($A7=AW$1,0,IF(SUM(IMshareM!AW$2:AW$78)-IMshareM!AW$49>0,IMshareM!AW7/(SUM(IMshareM!AW$2:AW$78)-IMshareM!AW$49),0)) -> 4.6655517e-05 | AX7: =IF($A7=AX$1,0,IF(SUM(IMshareM!AX$2:AX$78)-IMshareM!AX$50>0,IMshareM!AX7/(SUM(IMshareM!AX$2:AX$78)-IMshareM!AX$50),0)) -> 0 | AY7: =IF($A7=AY$1,0,IF(SUM(IMshareM!AY$2:AY$78)-IMshareM!AY$51>0,IMshareM!AY7/(SUM(IMshareM!AY$2:AY$78)-IMshareM!AY$51),0)) -> 0 | AZ7: =IF($A7=AZ$1,0,IF(SUM(IMshareM!AZ$2:AZ$78)-IMshareM!AZ$52>0,IMshareM!AZ7/(SUM(IMshareM!AZ$2:AZ$78)-IMshareM!AZ$52),0)) -> 0.00017723337 | BA7: =IF($A7=BA$1,0,IF(SUM(IMshareM!BA$2:BA$78)-IMshareM!BA$53>0,IMshareM!BA7/(SUM(IMshareM!BA$2:BA$78)-IMshareM!BA$53),0)) -> 0 | BB7: =IF($A7=BB$1,0,IF(SUM(IMshareM!BB$2:BB$78)-IMshareM!BB$54>0,IMshareM!BB7/(SUM(IMshareM!BB$2:BB$78)-IMshareM!BB$54),0)) -> 0.003452798 | BC7: =IF($A7=BC$1,0,IF(SUM(IMshareM!BC$2:BC$78)-IMshareM!BC$55>0,IMshareM!BC7/(SUM(IMshareM!BC$2:BC$78)-IMshareM!BC$55),0)) -> 0.013902562 | BD7: =IF($A7=BD$1,0,IF(SUM(IMshareM!BD$2:BD$78)-IMshareM!BD$56>0,IMshareM!BD7/(SUM(IMshareM!BD$2:BD$78)-IMshareM!BD$56),0)) -> 0.0014434841 | BE7: =IF($A7=BE$1,0,IF(SUM(IMshareM!BE$2:BE$78)-IMshareM!BE$57>0,IMshareM!BE7/(SUM(IMshareM!BE$2:BE$78)-IMshareM!BE$57),0)) -> 3.3607609e-06 | BF7: =IF($A7=BF$1,0,IF(SUM(IMshareM!BF$2:BF$78)-IMshareM!BF$58>0,IMshareM!BF7/(SUM(IMshareM!BF$2:BF$78)-IMshareM!BF$58),0)) -> 3.8196655e-05 | BG7: =IF($A7=BG$1,0,IF(SUM(IMshareM!BG$2:BG$78)-IMshareM!BG$59>0,IMshareM!BG7/(SUM(IMshareM!BG$2:BG$78)-IMshareM!BG$59),0)) -> 6.5844958e-05 | BH7: =IF($A7=BH$1,0,IF(SUM(IMshareM!BH$2:BH$78)-IMshareM!BH$60>0,IMshareM!BH7/(SUM(IMshareM!BH$2:BH$78)-IMshareM!BH$60),0)) -> 0.0010454146 | BI7: =IF($A7=BI$1,0,IF(SUM(IMshareM!BI$2:BI$78)-IMshareM!BI$61>0,IMshareM!BI7/(SUM(IMshareM!BI$2:BI$78)-IMshareM!BI$61),0)) -> 1.5119994e-05 | BJ7: =IF($A7=BJ$1,0,IF(SUM(IMshareM!BJ$2:BJ$78)-IMshareM!BJ$62>0,IMshareM!BJ7/(SUM(IMshareM!BJ$2:BJ$78)-IMshareM!BJ$62),0)) -> 0.00092290464 | BK7: =IF($A7=BK$1,0,IF(SUM(IMshareM!BK$2:BK$78)-IMshareM!BK$63>0,IMshareM!BK7/(SUM(IMshareM!BK$2:BK$78)-IMshareM!BK$63),0)) -> 0.003374718 | BL7: =IF($A7=BL$1,0,IF(SUM(IMshareM!BL$2:BL$78)-IMshareM!BL$64>0,IMshareM!BL7/(SUM(IMshareM!BL$2:BL$78)-IMshareM!BL$64),0)) -> 0.00019131237 | BM7: =IF($A7=BM$1,0,IF(SUM(IMshareM!BM$2:BM$78)-IMshareM!BM$65>0,IMshareM!BM7/(SUM(IMshareM!BM$2:BM$78)-IMshareM!BM$65),0)) -> 0 | BN7: =IF($A7=BN$1,0,IF(SUM(IMshareM!BN$2:BN$78)-IMshareM!BN$66>0,IMshareM!BN7/(SUM(IMshareM!BN$2:BN$78)-IMshareM!BN$66),0)) -> 0.00026764433 | BO7: =IF($A7=BO$1,0,IF(SUM(IMshareM!BO$2:BO$78)-IMshareM!BO$67>0,IMshareM!BO7/(SUM(IMshareM!BO$2:BO$78)-IMshareM!BO$67),0)) -> 0.00075919151 | BP7: =IF($A7=BP$1,0,IF(SUM(IMshareM!BP$2:BP$78)-IMshareM!BP$68>0,IMshareM!BP7/(SUM(IMshareM!BP$2:BP$78)-IMshareM!BP$68),0)) -> 0.00040564939 | BQ7: =IF($A7=BQ$1,0,IF(SUM(IMshareM!BQ$2:BQ$78)-IMshareM!BQ$69>0,IMshareM!BQ7/(SUM(IMshareM!BQ$2:BQ$78)-IMshareM!BQ$69),0)) -> 0.00030556024 | BR7: =IF($A7=BR$1,0,IF(SUM(IMshareM!BR$2:BR$78)-IMshareM!BR$70>0,IMshareM!BR7/(SUM(IMshareM!BR$2:BR$78)-IMshareM!BR$70),0)) -> 0.00023630789 | BS7: =IF($A7=BS$1,0,IF(SUM(IMshareM!BS$2:BS$78)-IMshareM!BS$71>0,IMshareM!BS7/(SUM(IMshareM!BS$2:BS$78)-IMshareM!BS$71),0)) -> 0.0025945831 | BT7: =IF($A7=BT$1,0,IF(SUM(IMshareM!BT$2:BT$78)-IMshareM!BT$72>0,IMshareM!BT7/(SUM(IMshareM!BT$2:BT$78)-IMshareM!BT$72),0)) -> 0.0021938102 | BU7: =IF($A7=BU$1,0,IF(SUM(IMshareM!BU$2:BU$78)-IMshareM!BU$73>0,IMshareM!BU7/(SUM(IMshareM!BU$2:BU$78)-IMshareM!BU$73),0)) -> 0.00058363297 | BV7: =IF($A7=BV$1,0,IF(SUM(IMshareM!BV$2:BV$78)-IMshareM!BV$74>0,IMshareM!BV7/(SUM(IMshareM!BV$2:BV$78)-IMshareM!BV$74),0)) -> 0.0030831394 | BW7: =IF($A7=BW$1,0,IF(SUM(IMshareM!BW$2:BW$78)-IMshareM!BW$75>0,IMshareM!BW7/(SUM(IMshareM!BW$2:BW$78)-IMshareM!BW$75),0)) -> 0.00013772679 | BX7: =IF($A7=BX$1,0,IF(SUM(IMshareM!BX$2:BX$78)-IMshareM!BX$76>0,IMshareM!BX7/(SUM(IMshareM!BX$2:BX$78)-IMshareM!BX$76),0)) -> 0.00012235209 | BY7: =IF($A7=BY$1,0,IF(SUM(IMshareM!BY$2:BY$78)-IMshareM!BY$77>0,IMshareM!BY7/(SUM(IMshareM!BY$2:BY$78)-IMshareM!BY$77),0)) -> 0.00051073447 | BZ7: =IF($A7=BZ$1,0,IF(SUM(IMshareM!BZ$2:BZ$78)-IMshareM!BZ$78>0,IMshareM!BZ7/(SUM(IMshareM!BZ$2:BZ$78)-IMshareM!BZ$78),0)) -> 0.00060268362
